Cites,Authors,Title,Year,Source,Publisher,ArticleURL,CitesURL,GSRank,QueryDate,Type,DOI,ISSN,CitationURL,Volume,Issue,StartPage,EndPage,ECC,CitesPerYear,CitesPerAuthor,AuthorCount,Age,Abstract,FullTextURL,RelatedURL
30,"O. Koller","Weakly Supervised Learning with Multi-Stream CNN-LSTM-HMMs to Discover Sequential Parallelism in Sign Language Videos",2020,"IEEE Transactions on Pattern Analysis and Machine Intelligence","","","https://www.scopus.com/inward/citedby.uri?partnerID=HzOxMe3b&scp=85089205897&origin=inward",1,"2021-11-10 21:49:21","Article","10.1109/TPAMI.2019.2911077","0162-8828","https://api.elsevier.com/content/abstract/scopus_id/85089205897",42,9,2306,2320,30,30.00,30,1,1,"","",""
29,"N.C. Camgöz","Sign language transformers: Joint end-to-end sign language recognition and translation",2020,"Proceedings of the IEEE Computer Society Conference on Computer Vision and Pattern Recognition","","","https://www.scopus.com/inward/citedby.uri?partnerID=HzOxMe3b&scp=85092928057&origin=inward",2,"2021-11-10 21:49:21","Conference Paper","10.1109/CVPR42600.2020.01004","1063-6919","https://api.elsevier.com/content/abstract/scopus_id/85092928057",,,10020,10030,29,29.00,29,1,1,"","",""
29,"D. Li","Word-level deep sign language recognition from video: A new large-scale dataset and methods comparison",2020,"Proceedings - 2020 IEEE Winter Conference on Applications of Computer Vision, WACV 2020","","","https://www.scopus.com/inward/citedby.uri?partnerID=HzOxMe3b&scp=85085469457&origin=inward",3,"2021-11-10 21:49:21","Conference Paper","10.1109/WACV45572.2020.9093512","","https://api.elsevier.com/content/abstract/scopus_id/85085469457",,,1448,1458,29,29.00,29,1,1,"","",""
28,"A. Wadhawan","Deep learning-based sign language recognition system for static signs",2020,"Neural Computing and Applications","","","https://www.scopus.com/inward/citedby.uri?partnerID=HzOxMe3b&scp=85077202238&origin=inward",4,"2021-11-10 21:49:21","Article","10.1007/s00521-019-04691-y","0941-0643","https://api.elsevier.com/content/abstract/scopus_id/85077202238",32,12,7957,7968,28,28.00,28,1,1,"","",""
21,"R. Rastgoo","Hand sign language recognition using multi-view hand skeleton",2020,"Expert Systems with Applications","","https://api.elsevier.com/content/article/eid/1-s2.0-S0957417420301615","https://www.scopus.com/inward/citedby.uri?partnerID=HzOxMe3b&scp=85081115902&origin=inward",5,"2021-11-10 21:49:21","Article","10.1016/j.eswa.2020.113336","0957-4174","https://api.elsevier.com/content/abstract/scopus_id/85081115902",150,,,,21,21.00,21,1,1,"","",""
20,"P. Maharjan","A human skin-inspired self-powered flex sensor with thermally embossed microstructured triboelectric layers for sign language interpretation",2020,"Nano Energy","","https://api.elsevier.com/content/article/eid/1-s2.0-S2211285520306480","https://www.scopus.com/inward/citedby.uri?partnerID=HzOxMe3b&scp=85088025549&origin=inward",6,"2021-11-10 21:49:21","Article","10.1016/j.nanoen.2020.105071","2211-2855","https://api.elsevier.com/content/abstract/scopus_id/85088025549",76,,,,20,20.00,20,1,1,"","",""
16,"R. Rastgoo","Sign Language Recognition: A Deep Survey",2021,"Expert Systems with Applications","","https://api.elsevier.com/content/article/eid/1-s2.0-S095741742030614X","https://www.scopus.com/inward/citedby.uri?partnerID=HzOxMe3b&scp=85089222442&origin=inward",7,"2021-11-10 21:49:21","Review","10.1016/j.eswa.2020.113794","0957-4174","https://api.elsevier.com/content/abstract/scopus_id/85089222442",164,,,,16,16.00,16,1,1,"","",""
16,"E.K. Kumar","3D sign language recognition with joint distance and angular coded color topographical descriptor on a 2 – stream CNN",2020,"Neurocomputing","","https://api.elsevier.com/content/article/eid/1-s2.0-S092523121931327X","https://www.scopus.com/inward/citedby.uri?partnerID=HzOxMe3b&scp=85072691522&origin=inward",8,"2021-11-10 21:49:21","Article","10.1016/j.neucom.2019.09.059","0925-2312","https://api.elsevier.com/content/abstract/scopus_id/85072691522",372,,40,54,16,16.00,16,1,1,"","",""
15,"Q. Xiao","Skeleton-based Chinese sign language recognition and generation for bidirectional communication between deaf and hearing people",2020,"Neural Networks","","https://api.elsevier.com/content/article/eid/1-s2.0-S089360802030040X","https://www.scopus.com/inward/citedby.uri?partnerID=HzOxMe3b&scp=85079346048&origin=inward",9,"2021-11-10 21:49:21","Article","10.1016/j.neunet.2020.01.030","0893-6080","https://api.elsevier.com/content/abstract/scopus_id/85079346048",125,,41,55,15,15.00,15,1,1,"","",""
13,"D. Li","Transferring Cross-Domain Knowledge for Video Sign Language Recognition",2020,"Proceedings of the IEEE Computer Society Conference on Computer Vision and Pattern Recognition","","","https://www.scopus.com/inward/citedby.uri?partnerID=HzOxMe3b&scp=85094646882&origin=inward",10,"2021-11-10 21:49:21","Conference Paper","10.1109/CVPR42600.2020.00624","1063-6919","https://api.elsevier.com/content/abstract/scopus_id/85094646882",,,6204,6213,13,13.00,13,1,1,"","",""
13,"H.R.V. Joze","MS-ASL: A large-scale data set and benchmark for understanding American sign language",2020,"30th British Machine Vision Conference 2019, BMVC 2019","","","https://www.scopus.com/inward/citedby.uri?partnerID=HzOxMe3b&scp=85087327492&origin=inward",11,"2021-11-10 21:49:21","Conference Paper","","","https://api.elsevier.com/content/abstract/scopus_id/85087327492",,,,,13,13.00,13,1,1,"","",""
12,"H. Zhou","Spatial-temporal multi-cue network for continuous sign language recognition",2020,"AAAI 2020 - 34th AAAI Conference on Artificial Intelligence","","","https://www.scopus.com/inward/citedby.uri?partnerID=HzOxMe3b&scp=85106613699&origin=inward",12,"2021-11-10 21:49:21","Conference Paper","","","https://api.elsevier.com/content/abstract/scopus_id/85106613699",,,13009,13016,12,12.00,12,1,1,"","",""
12,"M. Al-Hammadi","Hand Gesture Recognition for Sign Language Using 3DCNN",2020,"IEEE Access","","","https://www.scopus.com/inward/citedby.uri?partnerID=HzOxMe3b&scp=85084838386&origin=inward",13,"2021-11-10 21:49:21","Article","10.1109/ACCESS.2020.2990434","2169-3536","https://api.elsevier.com/content/abstract/scopus_id/85084838386",8,,79491,79509,12,12.00,12,1,1,"","",""
12,"A. Wadhawan","Sign Language Recognition Systems: A Decade Systematic Literature Review",2021,"Archives of Computational Methods in Engineering","","","https://www.scopus.com/inward/citedby.uri?partnerID=HzOxMe3b&scp=85076877173&origin=inward",14,"2021-11-10 21:49:21","Article","10.1007/s11831-019-09384-2","1134-3060","https://api.elsevier.com/content/abstract/scopus_id/85076877173",28,3,785,813,12,12.00,12,1,1,"","",""
12,"J. Imran","Deep motion templates and extreme learning machine for sign language recognition",2020,"Visual Computer","","","https://www.scopus.com/inward/citedby.uri?partnerID=HzOxMe3b&scp=85069690502&origin=inward",15,"2021-11-10 21:49:21","Article","10.1007/s00371-019-01725-3","0178-2789","https://api.elsevier.com/content/abstract/scopus_id/85069690502",36,6,1233,1246,12,12.00,12,1,1,"","",""
11,"I. Papastratis","Continuous Sign Language Recognition through Cross-Modal Alignment of Video and Text Embeddings in a Joint-Latent Space",2020,"IEEE Access","","","https://www.scopus.com/inward/citedby.uri?partnerID=HzOxMe3b&scp=85085570804&origin=inward",16,"2021-11-10 21:49:21","Article","10.1109/ACCESS.2020.2993650","2169-3536","https://api.elsevier.com/content/abstract/scopus_id/85085570804",8,,91170,91180,11,11.00,11,1,1,"","",""
11,"S. Aly","DeepArSLR: A novel signer-independent deep learning framework for isolated arabic sign language gestures recognition",2020,"IEEE Access","","","https://www.scopus.com/inward/citedby.uri?partnerID=HzOxMe3b&scp=85084955799&origin=inward",17,"2021-11-10 21:49:21","Article","10.1109/ACCESS.2020.2990699","2169-3536","https://api.elsevier.com/content/abstract/scopus_id/85084955799",8,,83199,83212,11,11.00,11,1,1,"","",""
10,"M.M. Kamruzzaman","Arabic Sign Language Recognition and Generating Arabic Speech Using Convolutional Neural Network",2020,"Wireless Communications and Mobile Computing","","","https://www.scopus.com/inward/citedby.uri?partnerID=HzOxMe3b&scp=85085918446&origin=inward",18,"2021-11-10 21:49:21","Article","10.1155/2020/3685614","1530-8669","https://api.elsevier.com/content/abstract/scopus_id/85085918446",2020,,,,10,10.00,10,1,1,"","",""
9,"A.A. Barbhuiya","CNN based feature extraction and classification for sign language",2021,"Multimedia Tools and Applications","","","https://www.scopus.com/inward/citedby.uri?partnerID=HzOxMe3b&scp=85091604171&origin=inward",19,"2021-11-10 21:49:21","Article","10.1007/s11042-020-09829-y","1380-7501","https://api.elsevier.com/content/abstract/scopus_id/85091604171",80,2,3051,3069,9,9.00,9,1,1,"","",""
9,"S.Z. Gurbuz","A linguistic perspective on radar micro-doppler analysis of American sign language",2020,"2020 IEEE International Radar Conference, RADAR 2020","","","https://www.scopus.com/inward/citedby.uri?partnerID=HzOxMe3b&scp=85090351032&origin=inward",20,"2021-11-10 21:49:21","Conference Paper","10.1109/RADAR42522.2020.9114818","","https://api.elsevier.com/content/abstract/scopus_id/85090351032",,,232,237,9,9.00,9,1,1,"","",""
9,"T. Raghuveera","A depth-based Indian Sign Language recognition using Microsoft Kinect",2020,"Sadhana - Academy Proceedings in Engineering Sciences","","","https://www.scopus.com/inward/citedby.uri?partnerID=HzOxMe3b&scp=85078696635&origin=inward",21,"2021-11-10 21:49:21","Article","10.1007/s12046-019-1250-6","0256-2499","https://api.elsevier.com/content/abstract/scopus_id/85078696635",45,1,,,9,9.00,9,1,1,"","",""
9,"S.G. Azar","Trajectory-based recognition of dynamic Persian sign language using hidden Markov model",2020,"Computer Speech and Language","","https://api.elsevier.com/content/article/eid/1-s2.0-S0885230819302979","https://www.scopus.com/inward/citedby.uri?partnerID=HzOxMe3b&scp=85076239855&origin=inward",22,"2021-11-10 21:49:21","Article","10.1016/j.csl.2019.101053","0885-2308","https://api.elsevier.com/content/abstract/scopus_id/85076239855",61,,,,9,9.00,9,1,1,"","",""
8,"O.M. Sincan","AUTSL: A large scale multi-modal Turkish sign language dataset and baseline methods",2020,"IEEE Access","","","https://www.scopus.com/inward/citedby.uri?partnerID=HzOxMe3b&scp=85102818675&origin=inward",23,"2021-11-10 21:49:21","Article","10.1109/ACCESS.2020.3028072","2169-3536","https://api.elsevier.com/content/abstract/scopus_id/85102818675",8,,181340,181355,8,8.00,8,1,1,"","",""
8,"M. de Coster","Sign language recognition with transformer networks",2020,"LREC 2020 - 12th International Conference on Language Resources and Evaluation, Conference Proceedings","","","https://www.scopus.com/inward/citedby.uri?partnerID=HzOxMe3b&scp=85095513871&origin=inward",24,"2021-11-10 21:49:21","Conference Paper","","","https://api.elsevier.com/content/abstract/scopus_id/85095513871",,,6018,6024,8,8.00,8,1,1,"","",""
8,"J.J. Bird","British sign language recognition via late fusion of computer vision and leap motion with transfer learning to american sign language",2020,"Sensors (Switzerland)","","","https://www.scopus.com/inward/citedby.uri?partnerID=HzOxMe3b&scp=85090399864&origin=inward",25,"2021-11-10 21:49:21","Article","10.3390/s20185151","1424-8220","https://api.elsevier.com/content/abstract/scopus_id/85090399864",20,18,1,19,8,8.00,8,1,1,"","",""
8,"R. Rastgoo","Video-based isolated hand sign language recognition using a deep cascaded model",2020,"Multimedia Tools and Applications","","","https://www.scopus.com/inward/citedby.uri?partnerID=HzOxMe3b&scp=85085973878&origin=inward",26,"2021-11-10 21:49:21","Article","10.1007/s11042-020-09048-5","1380-7501","https://api.elsevier.com/content/abstract/scopus_id/85085973878",79,31,22965,22987,8,8.00,8,1,1,"","",""
8,"M. Rahaman","Bangla language modeling algorithm for automatic recognition of hand-sign-spelled Bangla sign language",2020,"Frontiers of Computer Science","","","https://www.scopus.com/inward/citedby.uri?partnerID=HzOxMe3b&scp=85076409855&origin=inward",27,"2021-11-10 21:49:21","Article","10.1007/s11704-018-7253-3","2095-2228","https://api.elsevier.com/content/abstract/scopus_id/85076409855",14,3,,,8,8.00,8,1,1,"","",""
7,"G. Saggio","Sign language recognition using wearable electronics: Implementing K-nearest neighbors with dynamic time warping and convolutional neural network algorithms",2020,"Sensors (Switzerland)","","","https://www.scopus.com/inward/citedby.uri?partnerID=HzOxMe3b&scp=85087837357&origin=inward",28,"2021-11-10 21:49:21","Article","10.3390/s20143879","1424-8220","https://api.elsevier.com/content/abstract/scopus_id/85087837357",20,14,1,14,7,7.00,7,1,1,"","",""
7,"E.K. Elsayed","Sign language semantic translation system using ontology and deep learning",2020,"International Journal of Advanced Computer Science and Applications","","","https://www.scopus.com/inward/citedby.uri?partnerID=HzOxMe3b&scp=85080117912&origin=inward",29,"2021-11-10 21:49:21","Article","10.14569/ijacsa.2020.0110118","2158-107X","https://api.elsevier.com/content/abstract/scopus_id/85080117912",11,1,141,147,7,7.00,7,1,1,"","",""
7,"V. Hernandez","Convolutional and recurrent neural network for human activity recognition: Application on American sign language",2020,"PLoS ONE","","","https://www.scopus.com/inward/citedby.uri?partnerID=HzOxMe3b&scp=85079650557&origin=inward",30,"2021-11-10 21:49:21","Article","10.1371/journal.pone.0228869","1932-6203","https://api.elsevier.com/content/abstract/scopus_id/85079650557",15,2,,,7,7.00,7,1,1,"","",""
7,"X. Jiang","Isolated Chinese Sign Language Recognition Using Gray-Level Co-occurrence Matrix and Parameter-Optimized Medium Gaussian Support Vector Machine",2020,"Advances in Intelligent Systems and Computing","","","https://www.scopus.com/inward/citedby.uri?partnerID=HzOxMe3b&scp=85075622482&origin=inward",31,"2021-11-10 21:49:21","Conference Paper","10.1007/978-981-13-9920-6_19","2194-5357","https://api.elsevier.com/content/abstract/scopus_id/85075622482",1014,,182,193,7,7.00,7,1,1,"","",""
6,"O.M. Sincan","ChaLearn LAP large scale signer independent isolated sign language recognition challenge: Design, results and future research",2021,"IEEE Computer Society Conference on Computer Vision and Pattern Recognition Workshops","","","https://www.scopus.com/inward/citedby.uri?partnerID=HzOxMe3b&scp=85106082193&origin=inward",32,"2021-11-10 21:49:21","Conference Paper","10.1109/CVPRW53098.2021.00386","2160-7508","https://api.elsevier.com/content/abstract/scopus_id/85106082193",,,3467,3476,6,6.00,6,1,1,"","",""
6,"C.K.M. Lee","American sign language recognition and training method with recurrent neural network",2021,"Expert Systems with Applications","","https://api.elsevier.com/content/article/eid/1-s2.0-S0957417420310745","https://www.scopus.com/inward/citedby.uri?partnerID=HzOxMe3b&scp=85097552443&origin=inward",33,"2021-11-10 21:49:21","Article","10.1016/j.eswa.2020.114403","0957-4174","https://api.elsevier.com/content/abstract/scopus_id/85097552443",167,,,,6,6.00,6,1,1,"","",""
6,"J. Gangrade","Vision-based Hand Gesture Recognition for Indian Sign Language Using Convolution Neural Network",2020,"IETE Journal of Research","","","https://www.scopus.com/inward/citedby.uri?partnerID=HzOxMe3b&scp=85095793703&origin=inward",34,"2021-11-10 21:49:21","Article","10.1080/03772063.2020.1838342","0377-2063","https://api.elsevier.com/content/abstract/scopus_id/85095793703",,,,,6,6.00,6,1,1,"","",""
6,"R. Elakkiya","Machine learning based sign language recognition: a review and its research frontier",2020,"Journal of Ambient Intelligence and Humanized Computing","","","https://www.scopus.com/inward/citedby.uri?partnerID=HzOxMe3b&scp=85090503044&origin=inward",35,"2021-11-10 21:49:21","Article","10.1007/s12652-020-02396-y","1868-5137","https://api.elsevier.com/content/abstract/scopus_id/85090503044",,,,,6,6.00,6,1,1,"","",""
6,"X. Jiang","A Survey on Artificial Intelligence in Chinese Sign Language Recognition",2020,"Arabian Journal for Science and Engineering","","","https://www.scopus.com/inward/citedby.uri?partnerID=HzOxMe3b&scp=85088945160&origin=inward",36,"2021-11-10 21:49:21","Article","10.1007/s13369-020-04758-2","2193-567X","https://api.elsevier.com/content/abstract/scopus_id/85088945160",45,12,9859,9894,6,6.00,6,1,1,"","",""
6,"Y. Saleh","Arabic sign language recognition through deep neural networks fine-tuning",2020,"International journal of online and biomedical engineering","","","https://www.scopus.com/inward/citedby.uri?partnerID=HzOxMe3b&scp=85086322304&origin=inward",37,"2021-11-10 21:49:21","Article","10.3991/IJOE.V16I05.13087","2626-8493","https://api.elsevier.com/content/abstract/scopus_id/85086322304",16,5,71,83,6,6.00,6,1,1,"","",""
6,"X. Jiang","An eight-layer convolutional neural network with stochastic pooling, batch normalization and dropout for fingerspelling recognition of Chinese sign language",2020,"Multimedia Tools and Applications","","","https://www.scopus.com/inward/citedby.uri?partnerID=HzOxMe3b&scp=85077062280&origin=inward",38,"2021-11-10 21:49:21","Article","10.1007/s11042-019-08345-y","1380-7501","https://api.elsevier.com/content/abstract/scopus_id/85077062280",79,21,15697,15715,6,6.00,6,1,1,"","",""
5,"M. Al-Hammadi","Deep learning-based approach for sign language gesture recognition with efficient hand gesture representation",2020,"IEEE Access","","","https://www.scopus.com/inward/citedby.uri?partnerID=HzOxMe3b&scp=85102819410&origin=inward",39,"2021-11-10 21:49:21","Article","10.1109/ACCESS.2020.3032140","2169-3536","https://api.elsevier.com/content/abstract/scopus_id/85102819410",8,,192527,192542,5,5.00,5,1,1,"","",""
5,"M. Parelli","Exploiting 3D Hand Pose Estimation in Deep Learning-Based Sign Language Recognition from RGB Videos",2020,"Lecture Notes in Computer Science (including subseries Lecture Notes in Artificial Intelligence and Lecture Notes in Bioinformatics)","","","https://www.scopus.com/inward/citedby.uri?partnerID=HzOxMe3b&scp=85101766726&origin=inward",40,"2021-11-10 21:49:21","Conference Paper","10.1007/978-3-030-66096-3_18","0302-9743","https://api.elsevier.com/content/abstract/scopus_id/85101766726",12536,,249,263,5,5.00,5,1,1,"","",""
5,"K. Kudrinko","Wearable Sensor-Based Sign Language Recognition: A Comprehensive Review",2021,"IEEE Reviews in Biomedical Engineering","","","https://www.scopus.com/inward/citedby.uri?partnerID=HzOxMe3b&scp=85100289517&origin=inward",41,"2021-11-10 21:49:21","Review","10.1109/RBME.2020.3019769","1937-3333","https://api.elsevier.com/content/abstract/scopus_id/85100289517",14,,82,97,5,5.00,5,1,1,"","",""
5,"D. Bragg","Exploring Collection of Sign Language Datasets: Privacy, Participation, and Model Performance",2020,"ASSETS 2020 - 22nd International ACM SIGACCESS Conference on Computers and Accessibility","","","https://www.scopus.com/inward/citedby.uri?partnerID=HzOxMe3b&scp=85096983560&origin=inward",42,"2021-11-10 21:49:21","Conference Paper","10.1145/3373625.3417024","","https://api.elsevier.com/content/abstract/scopus_id/85096983560",,,,,5,5.00,5,1,1,"","",""
5,"H. Brock","Recognition of non-manual content in continuous Japanese sign language",2020,"Sensors (Switzerland)","","","https://www.scopus.com/inward/citedby.uri?partnerID=HzOxMe3b&scp=85091854441&origin=inward",43,"2021-11-10 21:49:21","Article","10.3390/s20195621","1424-8220","https://api.elsevier.com/content/abstract/scopus_id/85091854441",20,19,1,21,5,5.00,5,1,1,"","",""
5,"G. Latif","An automatic arabic sign language recognition system based on deep CNN: An assistive system for the deaf and hard of hearing",2020,"International Journal of Computing and Digital Systems","","","https://www.scopus.com/inward/citedby.uri?partnerID=HzOxMe3b&scp=85091432804&origin=inward",44,"2021-11-10 21:49:21","Article","10.12785/ijcds/090418","2210-142X","https://api.elsevier.com/content/abstract/scopus_id/85091432804",90,4,715,724,5,5.00,5,1,1,"","",""
5,"S.A. Khomami","Persian sign language recognition using IMU and surface EMG sensors",2021,"Measurement: Journal of the International Measurement Confederation","","https://api.elsevier.com/content/article/eid/1-s2.0-S0263224120310009","https://www.scopus.com/inward/citedby.uri?partnerID=HzOxMe3b&scp=85091231304&origin=inward",45,"2021-11-10 21:49:21","Article","10.1016/j.measurement.2020.108471","0263-2241","https://api.elsevier.com/content/abstract/scopus_id/85091231304",168,,,,5,5.00,5,1,1,"","",""
5,"M.A. Ahmed","Based on wearable sensory device in 3D-printed humanoid: A new real-time sign language recognition system",2021,"Measurement: Journal of the International Measurement Confederation","","https://api.elsevier.com/content/article/eid/1-s2.0-S0263224120309659","https://www.scopus.com/inward/citedby.uri?partnerID=HzOxMe3b&scp=85091075136&origin=inward",46,"2021-11-10 21:49:21","Article","10.1016/j.measurement.2020.108431","0263-2241","https://api.elsevier.com/content/abstract/scopus_id/85091075136",168,,,,5,5.00,5,1,1,"","",""
5,"K. Snoddon","Framing Sign Language as a Health Need in Canadian and International Policy",2020,"Maternal and Child Health Journal","","","https://www.scopus.com/inward/citedby.uri?partnerID=HzOxMe3b&scp=85087977778&origin=inward",47,"2021-11-10 21:49:21","Note","10.1007/s10995-020-02974-8","1092-7875","https://api.elsevier.com/content/abstract/scopus_id/85087977778",24,11,1360,1364,5,5.00,5,1,1,"","",""
5,"K. Mahdikhanlou","Multimodal 3D American sign language recognition for static alphabet and numbers using hand joints and shape coding",2020,"Multimedia Tools and Applications","","","https://www.scopus.com/inward/citedby.uri?partnerID=HzOxMe3b&scp=85085353291&origin=inward",48,"2021-11-10 21:49:21","Article","10.1007/s11042-020-08982-8","1380-7501","https://api.elsevier.com/content/abstract/scopus_id/85085353291",79,31,22235,22259,5,5.00,5,1,1,"","",""
5,"N. Saleh","Smart glove-based gestures recognition system for Arabic sign language",2020,"Proceedings of 2020 International Conference on Innovative Trends in Communication and Computer Engineering, ITCE 2020","","","https://www.scopus.com/inward/citedby.uri?partnerID=HzOxMe3b&scp=85083586107&origin=inward",49,"2021-11-10 21:49:21","Conference Paper","10.1109/ITCE48509.2020.9047820","","https://api.elsevier.com/content/abstract/scopus_id/85083586107",,,303,307,5,5.00,5,1,1,"","",""
5,"J. Gangrade","Recognition of Indian Sign Language Using ORB with Bag of Visual Words by Kinect Sensor",2020,"IETE Journal of Research","","","https://www.scopus.com/inward/citedby.uri?partnerID=HzOxMe3b&scp=85082025338&origin=inward",50,"2021-11-10 21:49:21","Article","10.1080/03772063.2020.1739569","0377-2063","https://api.elsevier.com/content/abstract/scopus_id/85082025338",,,,,5,5.00,5,1,1,"","",""
4,"I. Papastratis","Continuous sign language recognition through a context-aware generative adversarial network",2021,"Sensors","","","https://www.scopus.com/inward/citedby.uri?partnerID=HzOxMe3b&scp=85103323605&origin=inward",51,"2021-11-10 21:49:21","Article","10.3390/s21072437","1424-8220","https://api.elsevier.com/content/abstract/scopus_id/85103323605",21,7,,,4,4.00,4,1,1,"","",""
4,"B.D. Patel","ES2ISL: An Advancement in Speech to Sign Language Translation using 3D Avatar Animator",2020,"Canadian Conference on Electrical and Computer Engineering","","","https://www.scopus.com/inward/citedby.uri?partnerID=HzOxMe3b&scp=85097822061&origin=inward",52,"2021-11-10 21:49:21","Conference Paper","10.1109/CCECE47787.2020.9255783","0840-7789","https://api.elsevier.com/content/abstract/scopus_id/85097822061",2020,,,,4,4.00,4,1,1,"","",""
4,"S. Albanie","BSL-1K: Scaling Up Co-articulated Sign Language Recognition Using Mouthing Cues",2020,"Lecture Notes in Computer Science (including subseries Lecture Notes in Artificial Intelligence and Lecture Notes in Bioinformatics)","","","https://www.scopus.com/inward/citedby.uri?partnerID=HzOxMe3b&scp=85097641638&origin=inward",53,"2021-11-10 21:49:21","Conference Paper","10.1007/978-3-030-58621-8_3","0302-9743","https://api.elsevier.com/content/abstract/scopus_id/85097641638",12356,,35,53,4,4.00,4,1,1,"","",""
4,"R. Barioul","Four Sensors Bracelet for American Sign Language Recognition based on Wrist Force Myography",2020,"CIVEMSA 2020 - IEEE International Conference on Computational Intelligence and Virtual Environments for Measurement Systems and Applications, Proceedings","","","https://www.scopus.com/inward/citedby.uri?partnerID=HzOxMe3b&scp=85089900521&origin=inward",54,"2021-11-10 21:49:21","Conference Paper","10.1109/CIVEMSA48639.2020.9132742","","https://api.elsevier.com/content/abstract/scopus_id/85089900521",,,,,4,4.00,4,1,1,"","",""
4,"V. Adithya","Hand gestures for emergency situations: A video dataset based on words from Indian sign language",2020,"Data in Brief","","https://api.elsevier.com/content/article/eid/1-s2.0-S2352340920309100","https://www.scopus.com/inward/citedby.uri?partnerID=HzOxMe3b&scp=85088132567&origin=inward",55,"2021-11-10 21:49:21","Data Paper","10.1016/j.dib.2020.106016","2352-3409","https://api.elsevier.com/content/abstract/scopus_id/85088132567",31,,,,4,4.00,4,1,1,"","",""
4,"G. Joshi","Taguchi-TOPSIS based HOG parameter selection for complex background sign language recognition",2020,"Journal of Visual Communication and Image Representation","","https://api.elsevier.com/content/article/eid/1-s2.0-S1047320320300845","https://www.scopus.com/inward/citedby.uri?partnerID=HzOxMe3b&scp=85087876531&origin=inward",56,"2021-11-10 21:49:21","Article","10.1016/j.jvcir.2020.102834","1047-3203","https://api.elsevier.com/content/abstract/scopus_id/85087876531",71,,,,4,4.00,4,1,1,"","",""
4,"N. Aloysius","Understanding vision-based continuous sign language recognition",2020,"Multimedia Tools and Applications","","","https://www.scopus.com/inward/citedby.uri?partnerID=HzOxMe3b&scp=85085347131&origin=inward",57,"2021-11-10 21:49:21","Article","10.1007/s11042-020-08961-z","1380-7501","https://api.elsevier.com/content/abstract/scopus_id/85085347131",79,31,22177,22209,4,4.00,4,1,1,"","",""
4,"Y. Yu","Exploration of Chinese Sign Language Recognition Using Wearable Sensors Based on Deep Belief Net",2020,"IEEE Journal of Biomedical and Health Informatics","","","https://www.scopus.com/inward/citedby.uri?partnerID=HzOxMe3b&scp=85084720894&origin=inward",58,"2021-11-10 21:49:21","Article","10.1109/JBHI.2019.2941535","2168-2194","https://api.elsevier.com/content/abstract/scopus_id/85084720894",24,5,1310,1320,4,4.00,4,1,1,"","",""
4,"M.A. Almasre","A comparison of Arabic sign language dynamic gesture recognition models",2020,"Heliyon","","https://api.elsevier.com/content/article/eid/1-s2.0-S2405844020303996","https://www.scopus.com/inward/citedby.uri?partnerID=HzOxMe3b&scp=85081369863&origin=inward",59,"2021-11-10 21:49:21","Article","10.1016/j.heliyon.2020.e03554","2405-8440","https://api.elsevier.com/content/abstract/scopus_id/85081369863",6,3,,,4,4.00,4,1,1,"","",""
4,"T. Zhao","Towards Low-Cost Sign Language Gesture Recognition Leveraging Wearables",2021,"IEEE Transactions on Mobile Computing","","","https://www.scopus.com/inward/citedby.uri?partnerID=HzOxMe3b&scp=85077311434&origin=inward",60,"2021-11-10 21:49:21","Article","10.1109/TMC.2019.2962760","1536-1233","https://api.elsevier.com/content/abstract/scopus_id/85077311434",20,4,1685,1701,4,4.00,4,1,1,"","",""
3,"B. Li","Sign Language/Gesture Recognition Based on Cumulative Distribution Density Features Using UWB Radar",2021,"IEEE Transactions on Instrumentation and Measurement","","","https://www.scopus.com/inward/citedby.uri?partnerID=HzOxMe3b&scp=85110743791&origin=inward",61,"2021-11-10 21:49:21","Article","10.1109/TIM.2021.3092072","0018-9456","https://api.elsevier.com/content/abstract/scopus_id/85110743791",70,,,,3,3.00,3,1,1,"","",""
3,"A.A. Shaik","Learning multiview deep features from skeletal sign language videos for recognition",2021,"Turkish Journal of Electrical Engineering and Computer Sciences","","","https://www.scopus.com/inward/citedby.uri?partnerID=HzOxMe3b&scp=85104744056&origin=inward",62,"2021-11-10 21:49:21","Article","10.3906/ELK-2005-57","1300-0632","https://api.elsevier.com/content/abstract/scopus_id/85104744056",29,2,1061,1076,3,3.00,3,1,1,"","",""
3,"N.M. Adaloglou","A Comprehensive Study on Deep Learning-based Methods for Sign Language Recognition",2021,"IEEE Transactions on Multimedia","","","https://www.scopus.com/inward/citedby.uri?partnerID=HzOxMe3b&scp=85103776134&origin=inward",63,"2021-11-10 21:49:21","Article","10.1109/TMM.2021.3070438","1520-9210","https://api.elsevier.com/content/abstract/scopus_id/85103776134",,,,,3,3.00,3,1,1,"","",""
3,"A. Moryossef","Real-Time Sign Language Detection Using Human Pose Estimation",2020,"Lecture Notes in Computer Science (including subseries Lecture Notes in Artificial Intelligence and Lecture Notes in Bioinformatics)","","","https://www.scopus.com/inward/citedby.uri?partnerID=HzOxMe3b&scp=85101737644&origin=inward",64,"2021-11-10 21:49:21","Conference Paper","10.1007/978-3-030-66096-3_17","0302-9743","https://api.elsevier.com/content/abstract/scopus_id/85101737644",12536,,237,248,3,3.00,3,1,1,"","",""
3,"I. Elouariachi","Explicit quaternion krawtchouk moment invariants for finger-spelling sign language recognition",2021,"European Signal Processing Conference","","","https://www.scopus.com/inward/citedby.uri?partnerID=HzOxMe3b&scp=85099315583&origin=inward",65,"2021-11-10 21:49:21","Conference Paper","10.23919/Eusipco47968.2020.9287845","2219-5491","https://api.elsevier.com/content/abstract/scopus_id/85099315583",2021,,620,624,3,3.00,3,1,1,"","",""
3,"A. Orbay","Neural Sign Language Translation by Learning Tokenization",2020,"Proceedings - 2020 15th IEEE International Conference on Automatic Face and Gesture Recognition, FG 2020","","","https://www.scopus.com/inward/citedby.uri?partnerID=HzOxMe3b&scp=85098272575&origin=inward",66,"2021-11-10 21:49:21","Conference Paper","10.1109/FG47880.2020.00002","","https://api.elsevier.com/content/abstract/scopus_id/85098272575",,,222,228,3,3.00,3,1,1,"","",""
3,"K. Papadimitriou","Multimodal sign language recognition via temporal deformable convolutional sequence learning",2020,"Proceedings of the Annual Conference of the International Speech Communication Association, INTERSPEECH","","","https://www.scopus.com/inward/citedby.uri?partnerID=HzOxMe3b&scp=85098115814&origin=inward",67,"2021-11-10 21:49:21","Conference Paper","10.21437/Interspeech.2020-2691","2308-457X","https://api.elsevier.com/content/abstract/scopus_id/85098115814",2020,,2752,2756,3,3.00,3,1,1,"","",""
3,"V. Belissen","Dicta-Sign-LSF-v2: Remake of a continuous french sign language dialogue corpus and a first baseline for automatic sign language processing",2020,"LREC 2020 - 12th International Conference on Language Resources and Evaluation, Conference Proceedings","","","https://www.scopus.com/inward/citedby.uri?partnerID=HzOxMe3b&scp=85096553089&origin=inward",68,"2021-11-10 21:49:21","Conference Paper","","","https://api.elsevier.com/content/abstract/scopus_id/85096553089",,,6040,6048,3,3.00,3,1,1,"","",""
3,"H.F.T. Ahmed","DF-WiSLR: Device-Free Wi-Fi-based Sign Language Recognition",2020,"Pervasive and Mobile Computing","","https://api.elsevier.com/content/article/eid/1-s2.0-S1574119220301267","https://www.scopus.com/inward/citedby.uri?partnerID=HzOxMe3b&scp=85095915308&origin=inward",69,"2021-11-10 21:49:21","Article","10.1016/j.pmcj.2020.101289","1574-1192","https://api.elsevier.com/content/abstract/scopus_id/85095915308",69,,,,3,3.00,3,1,1,"","",""
3,"M. Mukushev","Evaluation of manual and non-manual components for sign language recognition",2020,"LREC 2020 - 12th International Conference on Language Resources and Evaluation, Conference Proceedings","","","https://www.scopus.com/inward/citedby.uri?partnerID=HzOxMe3b&scp=85095539455&origin=inward",70,"2021-11-10 21:49:21","Conference Paper","","","https://api.elsevier.com/content/abstract/scopus_id/85095539455",,,6073,6078,3,3.00,3,1,1,"","",""
3,"R. Gupta","Indian sign language recognition using wearable sensors and multi-label classification",2021,"Computers and Electrical Engineering","","https://api.elsevier.com/content/article/eid/1-s2.0-S0045790620307503","https://www.scopus.com/inward/citedby.uri?partnerID=HzOxMe3b&scp=85094861717&origin=inward",71,"2021-11-10 21:49:21","Article","10.1016/j.compeleceng.2020.106898","0045-7906","https://api.elsevier.com/content/abstract/scopus_id/85094861717",90,,,,3,3.00,3,1,1,"","",""
3,"K.P. Nimisha","A Brief Review of the Recent Trends in Sign Language Recognition",2020,"Proceedings of the 2020 IEEE International Conference on Communication and Signal Processing, ICCSP 2020","","","https://www.scopus.com/inward/citedby.uri?partnerID=HzOxMe3b&scp=85091327392&origin=inward",72,"2021-11-10 21:49:21","Conference Paper","10.1109/ICCSP48568.2020.9182351","","https://api.elsevier.com/content/abstract/scopus_id/85091327392",,,186,190,3,3.00,3,1,1,"","",""
3,"B.M. Saleh","D-talk: Sign language recognition system for people with disability using machine learning and image processing",2020,"International Journal of Advanced Trends in Computer Science and Engineering","","","https://www.scopus.com/inward/citedby.uri?partnerID=HzOxMe3b&scp=85090278651&origin=inward",73,"2021-11-10 21:49:21","Article","10.30534/ijatcse/2020/29942020","2278-3091","https://api.elsevier.com/content/abstract/scopus_id/85090278651",9,4,4374,4382,3,3.00,3,1,1,"","",""
3,"R. Rastgoo","Hand pose aware multimodal isolated sign language recognition",2021,"Multimedia Tools and Applications","","","https://www.scopus.com/inward/citedby.uri?partnerID=HzOxMe3b&scp=85090167272&origin=inward",74,"2021-11-10 21:49:21","Article","10.1007/s11042-020-09700-0","1380-7501","https://api.elsevier.com/content/abstract/scopus_id/85090167272",80,1,127,163,3,3.00,3,1,1,"","",""
3,"A. Tyagi","Feature extraction technique for vision-based indian sign language recognition system: A review",2021,"Advances in Intelligent Systems and Computing","","","https://www.scopus.com/inward/citedby.uri?partnerID=HzOxMe3b&scp=85090094870&origin=inward",75,"2021-11-10 21:49:21","Conference Paper","10.1007/978-981-15-6876-3_4","2194-5357","https://api.elsevier.com/content/abstract/scopus_id/85090094870",1227,,39,53,3,3.00,3,1,1,"","",""
3,"R. Barioul","Surface Electrical Impedance Myography Measurements for Recognition of Numbers in American Sign Language",2020,"CIVEMSA 2020 - IEEE International Conference on Computational Intelligence and Virtual Environments for Measurement Systems and Applications, Proceedings","","","https://www.scopus.com/inward/citedby.uri?partnerID=HzOxMe3b&scp=85089901632&origin=inward",76,"2021-11-10 21:49:21","Conference Paper","10.1109/CIVEMSA48639.2020.9132745","","https://api.elsevier.com/content/abstract/scopus_id/85089901632",,,,,3,3.00,3,1,1,"","",""
3,"R.D. Siyli","Unsupervised Key Hand Shape Discovery of Sign Language Videos with Correspondence Sparse Autoencoders",2020,"ICASSP, IEEE International Conference on Acoustics, Speech and Signal Processing - Proceedings","","","https://www.scopus.com/inward/citedby.uri?partnerID=HzOxMe3b&scp=85089213127&origin=inward",77,"2021-11-10 21:49:21","Conference Paper","10.1109/ICASSP40776.2020.9053590","1520-6149","https://api.elsevier.com/content/abstract/scopus_id/85089213127",2020,,8179,8183,3,3.00,3,1,1,"","",""
3,"R. McKee","Globalization, hybridity, and vitality in the linguistic ideologies of New Zealand Sign Language users",2020,"Language and Communication","","https://api.elsevier.com/content/article/eid/1-s2.0-S0271530920300628","https://www.scopus.com/inward/citedby.uri?partnerID=HzOxMe3b&scp=85089134572&origin=inward",78,"2021-11-10 21:49:21","Article","10.1016/j.langcom.2020.07.001","0271-5309","https://api.elsevier.com/content/abstract/scopus_id/85089134572",74,,164,181,3,3.00,3,1,1,"","",""
3,"G. Potamianos","SL-ReDu: Greek sign language recognition for educational applications. Project description and early results",2020,"PervasiveHealth: Pervasive Computing Technologies for Healthcare","","","https://www.scopus.com/inward/citedby.uri?partnerID=HzOxMe3b&scp=85088397203&origin=inward",79,"2021-11-10 21:49:21","Conference Paper","10.1145/3389189.3398006","2153-1633","https://api.elsevier.com/content/abstract/scopus_id/85088397203",,,429,434,3,3.00,3,1,1,"","",""
3,"G. Jayadeep","Mudra: Convolutional Neural Network based Indian Sign Language Translator for Banks",2020,"Proceedings of the International Conference on Intelligent Computing and Control Systems, ICICCS 2020","","","https://www.scopus.com/inward/citedby.uri?partnerID=HzOxMe3b&scp=85087450197&origin=inward",80,"2021-11-10 21:49:21","Conference Paper","10.1109/ICICCS48265.2020.9121144","","https://api.elsevier.com/content/abstract/scopus_id/85087450197",,,1228,1232,3,3.00,3,1,1,"","",""
3,"S. Sharma","Vision-based sign language recognition system: A Comprehensive Review",2020,"Proceedings of the 5th International Conference on Inventive Computation Technologies, ICICT 2020","","","https://www.scopus.com/inward/citedby.uri?partnerID=HzOxMe3b&scp=85087000125&origin=inward",81,"2021-11-10 21:49:21","Conference Paper","10.1109/ICICT48043.2020.9112409","","https://api.elsevier.com/content/abstract/scopus_id/85087000125",,,140,144,3,3.00,3,1,1,"","",""
3,"H. Brock","Learning Three-dimensional Skeleton Data from Sign Language Video",2020,"ACM Transactions on Intelligent Systems and Technology","","","https://www.scopus.com/inward/citedby.uri?partnerID=HzOxMe3b&scp=85085496838&origin=inward",82,"2021-11-10 21:49:21","Article","10.1145/3377552","2157-6904","https://api.elsevier.com/content/abstract/scopus_id/85085496838",11,3,,,3,3.00,3,1,1,"","",""
3,"M. Mustafa","A study on Arabic sign language recognition for differently abled using advanced machine learning classifiers",2021,"Journal of Ambient Intelligence and Humanized Computing","","","https://www.scopus.com/inward/citedby.uri?partnerID=HzOxMe3b&scp=85081544502&origin=inward",83,"2021-11-10 21:49:21","Article","10.1007/s12652-020-01790-w","1868-5137","https://api.elsevier.com/content/abstract/scopus_id/85081544502",12,3,4101,4115,3,3.00,3,1,1,"","",""
3,"M. Mott","Cross-modal translation priming and iconicity effects in deaf signers and hearing learners of American Sign Language",2020,"Bilingualism","","","https://www.scopus.com/inward/citedby.uri?partnerID=HzOxMe3b&scp=85078879403&origin=inward",84,"2021-11-10 21:49:21","Article","10.1017/S1366728919000889","1366-7289","https://api.elsevier.com/content/abstract/scopus_id/85078879403",23,5,1032,1044,3,3.00,3,1,1,"","",""
3,"Q. Gao","A Two-Stream CNN Framework for American Sign Language Recognition Based on Multimodal Data Fusion",2020,"Advances in Intelligent Systems and Computing","","","https://www.scopus.com/inward/citedby.uri?partnerID=HzOxMe3b&scp=85072869151&origin=inward",85,"2021-11-10 21:49:21","Conference Paper","10.1007/978-3-030-29933-0_9","2194-5357","https://api.elsevier.com/content/abstract/scopus_id/85072869151",1043,,107,118,3,3.00,3,1,1,"","",""
2,"F. Wen","AI enabled sign language recognition and VR space bidirectional communication using triboelectric smart glove",2021,"Nature Communications","","","https://www.scopus.com/inward/citedby.uri?partnerID=HzOxMe3b&scp=85114860132&origin=inward",86,"2021-11-10 21:49:21","Article","10.1038/s41467-021-25637-w","2041-1723","https://api.elsevier.com/content/abstract/scopus_id/85114860132",12,1,,,2,2.00,2,1,1,"","",""
2,"M.A. Ahmed","Real-time sign language framework based on wearable device: analysis of MSL, DataGlove, and gesture recognition",2021,"Soft Computing","","","https://www.scopus.com/inward/citedby.uri?partnerID=HzOxMe3b&scp=85106737160&origin=inward",87,"2021-11-10 21:49:21","Article","10.1007/s00500-021-05855-6","1432-7643","https://api.elsevier.com/content/abstract/scopus_id/85106737160",25,16,11101,11122,2,2.00,2,1,1,"","",""
2,"U. Farooq","Advances in machine translation for sign language: approaches, limitations, and challenges",2021,"Neural Computing and Applications","","","https://www.scopus.com/inward/citedby.uri?partnerID=HzOxMe3b&scp=85106263988&origin=inward",88,"2021-11-10 21:49:21","Article","10.1007/s00521-021-06079-3","0941-0643","https://api.elsevier.com/content/abstract/scopus_id/85106263988",33,21,14357,14399,2,2.00,2,1,1,"","",""
2,"D. Bansal","CopyCat: Using Sign Language Recognition to Help Deaf Children Acquire Language Skills",2021,"Conference on Human Factors in Computing Systems - Proceedings","","","https://www.scopus.com/inward/citedby.uri?partnerID=HzOxMe3b&scp=85105823184&origin=inward",89,"2021-11-10 21:49:21","Conference Paper","10.1145/3411763.3451523","","https://api.elsevier.com/content/abstract/scopus_id/85105823184",,,,,2,2.00,2,1,1,"","",""
2,"A. Tunga","Pose-based Sign Language Recognition using GCN and BERT",2021,"Proceedings - 2021 IEEE Winter Conference on Applications of Computer Vision Workshops, WACVW 2021","","","https://www.scopus.com/inward/citedby.uri?partnerID=HzOxMe3b&scp=85105496739&origin=inward",90,"2021-11-10 21:49:21","Conference Paper","10.1109/WACVW52041.2021.00008","","https://api.elsevier.com/content/abstract/scopus_id/85105496739",,,31,40,2,2.00,2,1,1,"","",""
2,"S. Sharma","ASL-3DCNN: American sign language recognition technique using 3-D convolutional neural networks",2021,"Multimedia Tools and Applications","","","https://www.scopus.com/inward/citedby.uri?partnerID=HzOxMe3b&scp=85105394421&origin=inward",91,"2021-11-10 21:49:21","Article","10.1007/s11042-021-10768-5","1380-7501","https://api.elsevier.com/content/abstract/scopus_id/85105394421",80,17,26319,26331,2,2.00,2,1,1,"","",""
2,"A.A.I. Sidig","KArSL: Arabic Sign Language Database",2021,"ACM Transactions on Asian and Low-Resource Language Information Processing","","","https://www.scopus.com/inward/citedby.uri?partnerID=HzOxMe3b&scp=85104184271&origin=inward",92,"2021-11-10 21:49:21","Article","10.1145/3423420","2375-4699","https://api.elsevier.com/content/abstract/scopus_id/85104184271",20,1,,,2,2.00,2,1,1,"","",""
2,"T.M. Rezende","Development and validation of a Brazilian sign language database for human gesture recognition",2021,"Neural Computing and Applications","","","https://www.scopus.com/inward/citedby.uri?partnerID=HzOxMe3b&scp=85101826196&origin=inward",93,"2021-11-10 21:49:21","Article","10.1007/s00521-021-05802-4","0941-0643","https://api.elsevier.com/content/abstract/scopus_id/85101826196",33,16,10449,10467,2,2.00,2,1,1,"","",""
2,"Ç. Gökçe","Score-Level Multi Cue Fusion for Sign Language Recognition",2020,"Lecture Notes in Computer Science (including subseries Lecture Notes in Artificial Intelligence and Lecture Notes in Bioinformatics)","","","https://www.scopus.com/inward/citedby.uri?partnerID=HzOxMe3b&scp=85101786349&origin=inward",94,"2021-11-10 21:49:21","Conference Paper","10.1007/978-3-030-66096-3_21","0302-9743","https://api.elsevier.com/content/abstract/scopus_id/85101786349",12536,,294,309,2,2.00,2,1,1,"","",""
2,"X. Liang","A Multi-modal Machine Learning Approach and Toolkit to Automate Recognition of Early Stages of Dementia Among British Sign Language Users",2020,"Lecture Notes in Computer Science (including subseries Lecture Notes in Artificial Intelligence and Lecture Notes in Bioinformatics)","","","https://www.scopus.com/inward/citedby.uri?partnerID=HzOxMe3b&scp=85101752958&origin=inward",95,"2021-11-10 21:49:21","Conference Paper","10.1007/978-3-030-66096-3_20","0302-9743","https://api.elsevier.com/content/abstract/scopus_id/85101752958",12536,,278,293,2,2.00,2,1,1,"","",""
2,"E.P. da Silva","Recognition of Affective and Grammatical Facial Expressions: A Study for Brazilian Sign Language",2020,"Lecture Notes in Computer Science (including subseries Lecture Notes in Artificial Intelligence and Lecture Notes in Bioinformatics)","","","https://www.scopus.com/inward/citedby.uri?partnerID=HzOxMe3b&scp=85101745936&origin=inward",96,"2021-11-10 21:49:21","Conference Paper","10.1007/978-3-030-66096-3_16","0302-9743","https://api.elsevier.com/content/abstract/scopus_id/85101745936",12536,,218,236,2,2.00,2,1,1,"","",""
2,"E.P. Da Silva","SILFA: Sign Language Facial Action Database for the Development of Assistive Technologies for the Deaf",2020,"Proceedings - 2020 15th IEEE International Conference on Automatic Face and Gesture Recognition, FG 2020","","","https://www.scopus.com/inward/citedby.uri?partnerID=HzOxMe3b&scp=85101479081&origin=inward",97,"2021-11-10 21:49:21","Conference Paper","10.1109/FG47880.2020.00059","","https://api.elsevier.com/content/abstract/scopus_id/85101479081",,,688,692,2,2.00,2,1,1,"","",""
2,"D. Kosmopoulos","Towards a visual Sign Language dataset for home care services",2020,"Proceedings - 2020 15th IEEE International Conference on Automatic Face and Gesture Recognition, FG 2020","","","https://www.scopus.com/inward/citedby.uri?partnerID=HzOxMe3b&scp=85101472004&origin=inward",98,"2021-11-10 21:49:21","Conference Paper","10.1109/FG47880.2020.00099","","https://api.elsevier.com/content/abstract/scopus_id/85101472004",,,520,524,2,2.00,2,1,1,"","",""
2,"R. Rastgoo","Real-time isolated hand sign language recognition using deep networks and SVD",2021,"Journal of Ambient Intelligence and Humanized Computing","","","https://www.scopus.com/inward/citedby.uri?partnerID=HzOxMe3b&scp=85101123906&origin=inward",99,"2021-11-10 21:49:21","Article","10.1007/s12652-021-02920-8","1868-5137","https://api.elsevier.com/content/abstract/scopus_id/85101123906",,,,,2,2.00,2,1,1,"","",""
2,"H. Zhou","Spatial-Temporal Multi-Cue Network for Sign Language Recognition and Translation",2021,"IEEE Transactions on Multimedia","","","https://www.scopus.com/inward/citedby.uri?partnerID=HzOxMe3b&scp=85100937316&origin=inward",100,"2021-11-10 21:49:21","Article","10.1109/TMM.2021.3059098","1520-9210","https://api.elsevier.com/content/abstract/scopus_id/85100937316",,,,,2,2.00,2,1,1,"","",""
2,"L. Meng","An attention-enhanced multi-scale and dual sign language recognition network based on a graph convolution network",2021,"Sensors (Switzerland)","","","https://www.scopus.com/inward/citedby.uri?partnerID=HzOxMe3b&scp=85100512916&origin=inward",101,"2021-11-10 21:49:21","Article","10.3390/s21041120","1424-8220","https://api.elsevier.com/content/abstract/scopus_id/85100512916",21,4,1,22,2,2.00,2,1,1,"","",""
2,"M. Jebali","Vision-based continuous sign language recognition using multimodal sensor fusion",2021,"Evolving Systems","","","https://www.scopus.com/inward/citedby.uri?partnerID=HzOxMe3b&scp=85099738942&origin=inward",102,"2021-11-10 21:49:21","Article","10.1007/s12530-020-09365-y","1868-6478","https://api.elsevier.com/content/abstract/scopus_id/85099738942",,,,,2,2.00,2,1,1,"","",""
2,"M. Safeel","Sign Language Recognition Techniques- A Review",2020,"2020 IEEE International Conference for Innovation in Technology, INOCON 2020","","","https://www.scopus.com/inward/citedby.uri?partnerID=HzOxMe3b&scp=85099594497&origin=inward",103,"2021-11-10 21:49:21","Conference Paper","10.1109/INOCON50539.2020.9298376","","https://api.elsevier.com/content/abstract/scopus_id/85099594497",,,,,2,2.00,2,1,1,"","",""
2,"S.Z. Gurbuz","American Sign Language Recognition Using RF Sensing",2021,"IEEE Sensors Journal","","","https://www.scopus.com/inward/citedby.uri?partnerID=HzOxMe3b&scp=85099452679&origin=inward",104,"2021-11-10 21:49:21","Article","10.1109/JSEN.2020.3022376","1530-437X","https://api.elsevier.com/content/abstract/scopus_id/85099452679",21,3,3763,3775,2,2.00,2,1,1,"","",""
2,"D. Enikeev","Recognition of Sign Language Using Leap Motion Controller Data",2020,"Proceedings - 2020 2nd International Conference on Control Systems, Mathematical Modeling, Automation and Energy Efficiency, SUMMA 2020","","","https://www.scopus.com/inward/citedby.uri?partnerID=HzOxMe3b&scp=85099002035&origin=inward",105,"2021-11-10 21:49:21","Conference Paper","10.1109/SUMMA50634.2020.9280795","","https://api.elsevier.com/content/abstract/scopus_id/85099002035",,,393,397,2,2.00,2,1,1,"","",""
2,"N. Basnin","An integrated cnn-lstm model for bangla lexical sign language recognition",2021,"Advances in Intelligent Systems and Computing","","","https://www.scopus.com/inward/citedby.uri?partnerID=HzOxMe3b&scp=85098271280&origin=inward",106,"2021-11-10 21:49:21","Conference Paper","10.1007/978-981-33-4673-4_57","2194-5357","https://api.elsevier.com/content/abstract/scopus_id/85098271280",1309,,695,707,2,2.00,2,1,1,"","",""
2,"Q. Xiao","Multi-Information Spatial-Temporal LSTM Fusion Continuous Sign Language Neural Machine Translation",2020,"IEEE Access","","","https://www.scopus.com/inward/citedby.uri?partnerID=HzOxMe3b&scp=85096873481&origin=inward",107,"2021-11-10 21:49:21","Article","10.1109/ACCESS.2020.3039539","2169-3536","https://api.elsevier.com/content/abstract/scopus_id/85096873481",8,,216718,216728,2,2.00,2,1,1,"","",""
2,"Z. Wang","Hear Sign Language: A Real-time End-to-End Sign Language Recognition System",2020,"IEEE Transactions on Mobile Computing","","","https://www.scopus.com/inward/citedby.uri?partnerID=HzOxMe3b&scp=85096844041&origin=inward",108,"2021-11-10 21:49:21","Article","10.1109/TMC.2020.3038303","1536-1233","https://api.elsevier.com/content/abstract/scopus_id/85096844041",,,,,2,2.00,2,1,1,"","",""
2,"I. Kagirov","TheRuSLan: Database of Russian sign language",2020,"LREC 2020 - 12th International Conference on Language Resources and Evaluation, Conference Proceedings","","","https://www.scopus.com/inward/citedby.uri?partnerID=HzOxMe3b&scp=85096617855&origin=inward",109,"2021-11-10 21:49:21","Conference Paper","","","https://api.elsevier.com/content/abstract/scopus_id/85096617855",,,6079,6085,2,2.00,2,1,1,"","",""
2,"L.R. Cerna","A multimodal LIBRAS-UFOP Brazilian sign language dataset of minimal pairs using a microsoft Kinect sensor",2021,"Expert Systems with Applications","","https://api.elsevier.com/content/article/eid/1-s2.0-S0957417420309143","https://www.scopus.com/inward/citedby.uri?partnerID=HzOxMe3b&scp=85096427678&origin=inward",110,"2021-11-10 21:49:21","Article","10.1016/j.eswa.2020.114179","0957-4174","https://api.elsevier.com/content/abstract/scopus_id/85096427678",167,,,,2,2.00,2,1,1,"","",""
2,"H. Luqman","Joint space representation and recognition of sign language fingerspelling using Gabor filter and convolutional neural network",2021,"Multimedia Tools and Applications","","","https://www.scopus.com/inward/citedby.uri?partnerID=HzOxMe3b&scp=85096127256&origin=inward",111,"2021-11-10 21:49:21","Article","10.1007/s11042-020-09994-0","1380-7501","https://api.elsevier.com/content/abstract/scopus_id/85096127256",80,7,10213,10234,2,2.00,2,1,1,"","",""
2,"K.L. Cheng","Fully Convolutional Networks for Continuous Sign Language Recognition",2020,"Lecture Notes in Computer Science (including subseries Lecture Notes in Artificial Intelligence and Lecture Notes in Bioinformatics)","","","https://www.scopus.com/inward/citedby.uri?partnerID=HzOxMe3b&scp=85095563472&origin=inward",112,"2021-11-10 21:49:21","Conference Paper","10.1007/978-3-030-58586-0_41","0302-9743","https://api.elsevier.com/content/abstract/scopus_id/85095563472",12369,,697,714,2,2.00,2,1,1,"","",""
2,"A. Aljabar","BISINDO (Bahasa isyarat indonesia) sign language recognition using CNN and LSTM",2020,"Advances in Science, Technology and Engineering Systems","","","https://www.scopus.com/inward/citedby.uri?partnerID=HzOxMe3b&scp=85092782803&origin=inward",113,"2021-11-10 21:49:21","Article","10.25046/AJ050535","2415-6698","https://api.elsevier.com/content/abstract/scopus_id/85092782803",5,5,282,287,2,2.00,2,1,1,"","",""
2,"Y. Liu","Finger Gesture Tracking for Interactive Applications: A Pilot Study with Sign Languages",2020,"Proceedings of the ACM on Interactive, Mobile, Wearable and Ubiquitous Technologies","","","https://www.scopus.com/inward/citedby.uri?partnerID=HzOxMe3b&scp=85092426344&origin=inward",114,"2021-11-10 21:49:21","Article","10.1145/3414117","2474-9567","https://api.elsevier.com/content/abstract/scopus_id/85092426344",4,3,,,2,2.00,2,1,1,"","",""
2,"T. Alvarez-Robles","Proposal for an Interactive Software System Design for Learning Mexican Sign Language with Leap Motion",2020,"Lecture Notes in Computer Science (including subseries Lecture Notes in Artificial Intelligence and Lecture Notes in Bioinformatics)","","","https://www.scopus.com/inward/citedby.uri?partnerID=HzOxMe3b&scp=85092128553&origin=inward",115,"2021-11-10 21:49:21","Conference Paper","10.1007/978-3-030-60149-2_15","0302-9743","https://api.elsevier.com/content/abstract/scopus_id/85092128553",12426,,184,196,2,2.00,2,1,1,"","",""
2,"C. Wei","Semantic Boundary Detection with Reinforcement Learning for Continuous Sign Language Recognition",2021,"IEEE Transactions on Circuits and Systems for Video Technology","","","https://www.scopus.com/inward/citedby.uri?partnerID=HzOxMe3b&scp=85091674686&origin=inward",116,"2021-11-10 21:49:21","Article","10.1109/TCSVT.2020.2999384","1051-8215","https://api.elsevier.com/content/abstract/scopus_id/85091674686",31,3,1138,1149,2,2.00,2,1,1,"","",""
2,"R.A. Kadhim","A real-time american sign language recognition system using convolutional neural network for real datasets",2020,"TEM Journal","","","https://www.scopus.com/inward/citedby.uri?partnerID=HzOxMe3b&scp=85091481345&origin=inward",117,"2021-11-10 21:49:21","Article","10.18421/TEM93-14","2217-8309","https://api.elsevier.com/content/abstract/scopus_id/85091481345",9,3,937,943,2,2.00,2,1,1,"","",""
2,"Z. Zhu","Fingerspelling identification for chinese sign language via wavelet entropy and kernel support vector machine",2021,"Advances in Intelligent Systems and Computing","","","https://www.scopus.com/inward/citedby.uri?partnerID=HzOxMe3b&scp=85091075176&origin=inward",118,"2021-11-10 21:49:21","Conference Paper","10.1007/978-981-15-5679-1_52","2194-5357","https://api.elsevier.com/content/abstract/scopus_id/85091075176",1177,,539,549,2,2.00,2,1,1,"","",""
2,"K. Wangchuk","Real-time Bhutanese Sign Language digits recognition system using Convolutional Neural Network",2021,"ICT Express","","https://api.elsevier.com/content/article/eid/1-s2.0-S2405959520301685","https://www.scopus.com/inward/citedby.uri?partnerID=HzOxMe3b&scp=85090485232&origin=inward",119,"2021-11-10 21:49:21","Article","10.1016/j.icte.2020.08.002","2405-9595","https://api.elsevier.com/content/abstract/scopus_id/85090485232",7,2,215,220,2,2.00,2,1,1,"","",""
2,"A.A. Hosain","FineHand: Learning Hand Shapes for American Sign Language Recognition",2020,"Proceedings - 2020 15th IEEE International Conference on Automatic Face and Gesture Recognition, FG 2020","","","https://www.scopus.com/inward/citedby.uri?partnerID=HzOxMe3b&scp=85090135401&origin=inward",120,"2021-11-10 21:49:21","Conference Paper","10.1109/FG47880.2020.00062","","https://api.elsevier.com/content/abstract/scopus_id/85090135401",,,700,707,2,2.00,2,1,1,"","",""
2,"H. Kolivand","A new framework for sign language alphabet hand posture recognition using geometrical features through artificial neural network (part 1)",2021,"Neural Computing and Applications","","","https://www.scopus.com/inward/citedby.uri?partnerID=HzOxMe3b&scp=85089582379&origin=inward",121,"2021-11-10 21:49:21","Article","10.1007/s00521-020-05279-7","0941-0643","https://api.elsevier.com/content/abstract/scopus_id/85089582379",33,10,4945,4963,2,2.00,2,1,1,"","",""
2,"H. Li","Key Action and Joint CTC-Attention based Sign Language Recognition",2020,"ICASSP, IEEE International Conference on Acoustics, Speech and Signal Processing - Proceedings","","","https://www.scopus.com/inward/citedby.uri?partnerID=HzOxMe3b&scp=85089242281&origin=inward",122,"2021-11-10 21:49:21","Conference Paper","10.1109/ICASSP40776.2020.9054316","1520-6149","https://api.elsevier.com/content/abstract/scopus_id/85089242281",2020,,2348,2352,2,2.00,2,1,1,"","",""
2,"C.C. Wang","Fast and Accurate Embedded DCNN for Rgb-D Based Sign Language Recognition",2020,"ICASSP, IEEE International Conference on Acoustics, Speech and Signal Processing - Proceedings","","","https://www.scopus.com/inward/citedby.uri?partnerID=HzOxMe3b&scp=85089229757&origin=inward",123,"2021-11-10 21:49:21","Conference Paper","10.1109/ICASSP40776.2020.9054076","1520-6149","https://api.elsevier.com/content/abstract/scopus_id/85089229757",2020,,1568,1572,2,2.00,2,1,1,"","",""
2,"X. Ma","Sign language recognition based on concept learning",2020,"I2MTC 2020 - International Instrumentation and Measurement Technology Conference, Proceedings","","","https://www.scopus.com/inward/citedby.uri?partnerID=HzOxMe3b&scp=85088289193&origin=inward",124,"2021-11-10 21:49:21","Conference Paper","10.1109/I2MTC43012.2020.9128734","","https://api.elsevier.com/content/abstract/scopus_id/85088289193",,,,,2,2.00,2,1,1,"","",""
2,"Y.C. Bilge","Zero-shot sign language recognition: Can textual data uncover sign languages?",2020,"30th British Machine Vision Conference 2019, BMVC 2019","","","https://www.scopus.com/inward/citedby.uri?partnerID=HzOxMe3b&scp=85087333670&origin=inward",125,"2021-11-10 21:49:21","Conference Paper","","","https://api.elsevier.com/content/abstract/scopus_id/85087333670",,,,,2,2.00,2,1,1,"","",""
2,"N. Saquib","Application of machine learning techniques for real-time sign language detection using wearable sensors",2020,"MMSys 2020 - Proceedings of the 2020 Multimedia Systems Conference","","","https://www.scopus.com/inward/citedby.uri?partnerID=HzOxMe3b&scp=85086756965&origin=inward",126,"2021-11-10 21:49:21","Conference Paper","10.1145/3339825.3391869","","https://api.elsevier.com/content/abstract/scopus_id/85086756965",,,178,189,2,2.00,2,1,1,"","",""
2,"S.M. Elatawy","Recognition system for alphabet Arabic sign language using neutrosophic and fuzzy c-means",2020,"Education and Information Technologies","","","https://www.scopus.com/inward/citedby.uri?partnerID=HzOxMe3b&scp=85086014582&origin=inward",127,"2021-11-10 21:49:21","Article","10.1007/s10639-020-10184-6","1360-2357","https://api.elsevier.com/content/abstract/scopus_id/85086014582",25,6,5601,5616,2,2.00,2,1,1,"","",""
2,"A.M. Lieberman","Lexical Recognition in Deaf Children Learning American Sign Language: Activation of Semantic and Phonological Features of Signs",2020,"Language Learning","","","https://www.scopus.com/inward/citedby.uri?partnerID=HzOxMe3b&scp=85085875493&origin=inward",128,"2021-11-10 21:49:21","Article","10.1111/lang.12409","0023-8333","https://api.elsevier.com/content/abstract/scopus_id/85085875493",70,4,935,973,2,2.00,2,1,1,"","",""
2,"L. Zhang","WiSign: Ubiquitous American Sign Language Recognition Using CommercialWi-Fi Devices",2020,"ACM Transactions on Intelligent Systems and Technology","","","https://www.scopus.com/inward/citedby.uri?partnerID=HzOxMe3b&scp=85085490324&origin=inward",129,"2021-11-10 21:49:21","Article","10.1145/3377553","2157-6904","https://api.elsevier.com/content/abstract/scopus_id/85085490324",11,3,,,2,2.00,2,1,1,"","",""
2,"S. Zhang","Review of Sign Language Recognition Based on Deep Learning",2020,"Dianzi Yu Xinxi Xuebao/Journal of Electronics and Information Technology","","","https://www.scopus.com/inward/citedby.uri?partnerID=HzOxMe3b&scp=85083736717&origin=inward",130,"2021-11-10 21:49:21","Review","10.11999/JEIT190416","1009-5896","https://api.elsevier.com/content/abstract/scopus_id/85083736717",42,4,1021,1032,2,2.00,2,1,1,"","",""
2,"L. Kraljević","A dynamic gesture recognition interface for smart home control based on croatian sign language",2020,"Applied Sciences (Switzerland)","","","https://www.scopus.com/inward/citedby.uri?partnerID=HzOxMe3b&scp=85083582884&origin=inward",131,"2021-11-10 21:49:21","Article","10.3390/app10072300","2076-3417","https://api.elsevier.com/content/abstract/scopus_id/85083582884",10,7,,,2,2.00,2,1,1,"","",""
2,"P. Paudyal","On evaluating the effects of feedback for sign language learning using explainable AI",2020,"International Conference on Intelligent User Interfaces, Proceedings IUI","","","https://www.scopus.com/inward/citedby.uri?partnerID=HzOxMe3b&scp=85082172171&origin=inward",132,"2021-11-10 21:49:21","Conference Paper","10.1145/3379336.3381469","","https://api.elsevier.com/content/abstract/scopus_id/85082172171",,,83,84,2,2.00,2,1,1,"","",""
2,"J. Naren","Indian Sign Language Spelling Finger Recognition System",2020,"Smart Innovation, Systems and Technologies","","","https://www.scopus.com/inward/citedby.uri?partnerID=HzOxMe3b&scp=85076492359&origin=inward",133,"2021-11-10 21:49:21","Conference Paper","10.1007/978-981-13-8406-6_79","2190-3018","https://api.elsevier.com/content/abstract/scopus_id/85076492359",141,,845,855,2,2.00,2,1,1,"","",""
2,"A. Deshpande","Video-based marathi sign language recognition and text conversion using convolutional neural network",2020,"Lecture Notes in Electrical Engineering","","","https://www.scopus.com/inward/citedby.uri?partnerID=HzOxMe3b&scp=85073384608&origin=inward",134,"2021-11-10 21:49:21","Book Chapter","10.1007/978-981-13-8942-9_65","1876-1100","https://api.elsevier.com/content/abstract/scopus_id/85073384608",569,,761,773,2,2.00,2,1,1,"","",""
2,"F. Pezzuoli","Improvements in a Wearable Device for Sign Language Translation",2020,"Advances in Intelligent Systems and Computing","","","https://www.scopus.com/inward/citedby.uri?partnerID=HzOxMe3b&scp=85068236143&origin=inward",135,"2021-11-10 21:49:21","Conference Paper","10.1007/978-3-030-20476-1_9","2194-5357","https://api.elsevier.com/content/abstract/scopus_id/85068236143",973,,70,81,2,2.00,2,1,1,"","",""
2,"E. Kiran Kumar","Early estimation model for 3D-discrete indian sign language recognition using graph matching",2021,"Journal of King Saud University - Computer and Information Sciences","","https://api.elsevier.com/content/article/eid/1-s2.0-S1319157818303719","https://www.scopus.com/inward/citedby.uri?partnerID=HzOxMe3b&scp=85049039372&origin=inward",136,"2021-11-10 21:49:21","Article","10.1016/j.jksuci.2018.06.008","1319-1578","https://api.elsevier.com/content/abstract/scopus_id/85049039372",33,7,852,864,2,2.00,2,1,1,"","",""
1,"S. Jiang","Skeleton aware multi-modal sign language recognition",2021,"IEEE Computer Society Conference on Computer Vision and Pattern Recognition Workshops","","","https://www.scopus.com/inward/citedby.uri?partnerID=HzOxMe3b&scp=85116007432&origin=inward",137,"2021-11-10 21:49:21","Conference Paper","10.1109/CVPRW53098.2021.00380","2160-7508","https://api.elsevier.com/content/abstract/scopus_id/85116007432",,,3408,3418,1,1.00,1,1,1,"","",""
1,"I. Skaten","Exploring deaf sign language interpreting students’ experiences from joint sign language interpreting programs for deaf and hearing students in Finland",2021,"Translation and Interpreting Studies","","","https://www.scopus.com/inward/citedby.uri?partnerID=HzOxMe3b&scp=85115812382&origin=inward",138,"2021-11-10 21:49:21","Article","10.1075/tis.18033.ska","1932-2798","https://api.elsevier.com/content/abstract/scopus_id/85115812382",16,3,347,367,1,1.00,1,1,1,"","",""
1,"M. Vazquez-Enriquez","Isolated sign language recognition with multi-scale spatial-temporal graph convolutional networks",2021,"IEEE Computer Society Conference on Computer Vision and Pattern Recognition Workshops","","","https://www.scopus.com/inward/citedby.uri?partnerID=HzOxMe3b&scp=85115419655&origin=inward",139,"2021-11-10 21:49:21","Conference Paper","10.1109/CVPRW53098.2021.00385","2160-7508","https://api.elsevier.com/content/abstract/scopus_id/85115419655",,,3457,3466,1,1.00,1,1,1,"","",""
1,"R. Rastgoo","Sign language production: A review",2021,"IEEE Computer Society Conference on Computer Vision and Pattern Recognition Workshops","","","https://www.scopus.com/inward/citedby.uri?partnerID=HzOxMe3b&scp=85115282766&origin=inward",140,"2021-11-10 21:49:21","Conference Paper","10.1109/CVPRW53098.2021.00384","2160-7508","https://api.elsevier.com/content/abstract/scopus_id/85115282766",,,3446,3456,1,1.00,1,1,1,"","",""
1,"A. Moryossef","Evaluating the immediate applicability of pose estimation for sign language recognition",2021,"IEEE Computer Society Conference on Computer Vision and Pattern Recognition Workshops","","","https://www.scopus.com/inward/citedby.uri?partnerID=HzOxMe3b&scp=85115278322&origin=inward",141,"2021-11-10 21:49:21","Conference Paper","10.1109/CVPRW53098.2021.00382","2160-7508","https://api.elsevier.com/content/abstract/scopus_id/85115278322",,,3429,3435,1,1.00,1,1,1,"","",""
1,"A. Kratimenos","Independent sign language recognition with 3d body, hands, and face reconstruction",2021,"ICASSP, IEEE International Conference on Acoustics, Speech and Signal Processing - Proceedings","","","https://www.scopus.com/inward/citedby.uri?partnerID=HzOxMe3b&scp=85115114960&origin=inward",142,"2021-11-10 21:49:21","Conference Paper","10.1109/ICASSP39728.2021.9414278","1520-6149","https://api.elsevier.com/content/abstract/scopus_id/85115114960",2021,,4270,4274,1,1.00,1,1,1,"","",""
1,"H. Hu","Global-Local Enhancement Network for NMF-Aware Sign Language Recognition",2021,"ACM Transactions on Multimedia Computing, Communications and Applications","","","https://www.scopus.com/inward/citedby.uri?partnerID=HzOxMe3b&scp=85112867427&origin=inward",143,"2021-11-10 21:49:21","Article","10.1145/3436754","1551-6857","https://api.elsevier.com/content/abstract/scopus_id/85112867427",17,3,,,1,1.00,1,1,1,"","",""
1,"M. Mahbubur Rahman","Word-level Sign Language Recognition Using Linguistic Adaptation of 77 GHz FMCW Radar Data",2021,"IEEE National Radar Conference - Proceedings","","","https://www.scopus.com/inward/citedby.uri?partnerID=HzOxMe3b&scp=85112446155&origin=inward",144,"2021-11-10 21:49:21","Conference Paper","10.1109/RadarConf2147009.2021.9455190","1097-5659","https://api.elsevier.com/content/abstract/scopus_id/85112446155",2021,,,,1,1.00,1,1,1,"","",""
1,"S. Sharma","Vision-based hand gesture recognition using deep learning for the interpretation of sign language",2021,"Expert Systems with Applications","","https://api.elsevier.com/content/article/eid/1-s2.0-S0957417421010484","https://www.scopus.com/inward/citedby.uri?partnerID=HzOxMe3b&scp=85112085938&origin=inward",145,"2021-11-10 21:49:21","Article","10.1016/j.eswa.2021.115657","0957-4174","https://api.elsevier.com/content/abstract/scopus_id/85112085938",182,,,,1,1.00,1,1,1,"","",""
1,"F.B. Slimane","Context matters: Self-attention for sign language recognition",2020,"Proceedings - International Conference on Pattern Recognition","","","https://www.scopus.com/inward/citedby.uri?partnerID=HzOxMe3b&scp=85110504515&origin=inward",146,"2021-11-10 21:49:21","Conference Paper","10.1109/ICPR48806.2021.9412916","1051-4651","https://api.elsevier.com/content/abstract/scopus_id/85110504515",,,7884,7891,1,1.00,1,1,1,"","",""
1,"K. Koishybay","Continuous sign language recognition with iterative spatiotemporal fine-tuning",2020,"Proceedings - International Conference on Pattern Recognition","","","https://www.scopus.com/inward/citedby.uri?partnerID=HzOxMe3b&scp=85110430862&origin=inward",147,"2021-11-10 21:49:21","Conference Paper","10.1109/ICPR48806.2021.9412364","1051-4651","https://api.elsevier.com/content/abstract/scopus_id/85110430862",,,10211,10218,1,1.00,1,1,1,"","",""
1,"I. Rodríguez-Moreno","Sign Language Recognition by Means of Common Spatial Patterns",2021,"ACM International Conference Proceeding Series","","","https://www.scopus.com/inward/citedby.uri?partnerID=HzOxMe3b&scp=85108918134&origin=inward",148,"2021-11-10 21:49:21","Conference Paper","10.1145/3453800.3453818","","https://api.elsevier.com/content/abstract/scopus_id/85108918134",,,96,102,1,1.00,1,1,1,"","",""
1,"H. Van Der Hulst","Sign language phonology: Theoretical perspectives",2021,"The Routledge Handbook of Theoretical and Experimental Sign Language Research","","","https://www.scopus.com/inward/citedby.uri?partnerID=HzOxMe3b&scp=85108050164&origin=inward",149,"2021-11-10 21:49:21","Book Chapter","10.4324/9781315754499-1","","https://api.elsevier.com/content/abstract/scopus_id/85108050164",,,1,32,1,1.00,1,1,1,"","",""
1,"R. Ramalingame","Wearable Smart Band for American Sign Language Recognition with Polymer Carbon Nanocomposite-Based Pressure Sensors",2021,"IEEE Sensors Letters","","","https://www.scopus.com/inward/citedby.uri?partnerID=HzOxMe3b&scp=85107196090&origin=inward",150,"2021-11-10 21:49:21","Article","10.1109/LSENS.2021.3081689","2475-1472","https://api.elsevier.com/content/abstract/scopus_id/85107196090",5,6,,,1,1.00,1,1,1,"","",""
1,"A. Sridhar","INCLUDE: A Large Scale Dataset for Indian Sign Language Recognition",2020,"MM 2020 - Proceedings of the 28th ACM International Conference on Multimedia","","","https://www.scopus.com/inward/citedby.uri?partnerID=HzOxMe3b&scp=85106922605&origin=inward",151,"2021-11-10 21:49:21","Conference Paper","10.1145/3394171.3413528","","https://api.elsevier.com/content/abstract/scopus_id/85106922605",,,1366,1375,1,1.00,1,1,1,"","",""
1,"S. Huang","Boundary-Adaptive Encoder with Attention Method for Chinese Sign Language Recognition",2021,"IEEE Access","","","https://www.scopus.com/inward/citedby.uri?partnerID=HzOxMe3b&scp=85105882248&origin=inward",152,"2021-11-10 21:49:21","Article","10.1109/ACCESS.2021.3078638","2169-3536","https://api.elsevier.com/content/abstract/scopus_id/85105882248",9,,70948,70960,1,1.00,1,1,1,"","",""
1,"G. Meade","The organization of the American Sign Language lexicon: Comparing one- and two-parameter ERP phonological priming effects across tasks",2021,"Brain and Language","","https://api.elsevier.com/content/article/eid/1-s2.0-S0093934X21000547","https://www.scopus.com/inward/citedby.uri?partnerID=HzOxMe3b&scp=85105834007&origin=inward",153,"2021-11-10 21:49:21","Article","10.1016/j.bandl.2021.104960","0093-934X","https://api.elsevier.com/content/abstract/scopus_id/85105834007",218,,,,1,1.00,1,1,1,"","",""
1,"K. Zhao","Real-time sign language recognition based on video stream",2021,"International Journal of Systems, Control and Communications","","","https://www.scopus.com/inward/citedby.uri?partnerID=HzOxMe3b&scp=85105184495&origin=inward",154,"2021-11-10 21:49:21","Article","10.1504/IJSCC.2021.114616","1755-9340","https://api.elsevier.com/content/abstract/scopus_id/85105184495",12,2,158,174,1,1.00,1,1,1,"","",""
1,"C. Gündüz","Turkish sign language recognition based on multistream data fusion",2021,"Turkish Journal of Electrical Engineering and Computer Sciences","","","https://www.scopus.com/inward/citedby.uri?partnerID=HzOxMe3b&scp=85104743231&origin=inward",155,"2021-11-10 21:49:21","Article","10.3906/ELK-2005-156","1300-0632","https://api.elsevier.com/content/abstract/scopus_id/85104743231",29,2,1171,1186,1,1.00,1,1,1,"","",""
1,"X. Chu","A sensor-based hand gesture recognition system for Japanese sign language",2021,"LifeTech 2021 - 2021 IEEE 3rd Global Conference on Life Sciences and Technologies","","","https://www.scopus.com/inward/citedby.uri?partnerID=HzOxMe3b&scp=85104569569&origin=inward",156,"2021-11-10 21:49:21","Conference Paper","10.1109/LifeTech52111.2021.9391981","","https://api.elsevier.com/content/abstract/scopus_id/85104569569",,,311,312,1,1.00,1,1,1,"","",""
1,"D. Talukder","Real-Time Bangla Sign Language Detection with Sentence and Speech Generation",2020,"ICCIT 2020 - 23rd International Conference on Computer and Information Technology, Proceedings","","","https://www.scopus.com/inward/citedby.uri?partnerID=HzOxMe3b&scp=85104567278&origin=inward",157,"2021-11-10 21:49:21","Conference Paper","10.1109/ICCIT51783.2020.9392693","","https://api.elsevier.com/content/abstract/scopus_id/85104567278",,,,,1,1.00,1,1,1,"","",""
1,"Y. Grover","Sign language translation systems for hearing/speech impaired people: A review",2021,"Proceedings of International Conference on Innovative Practices in Technology and Management, ICIPTM 2021","","","https://www.scopus.com/inward/citedby.uri?partnerID=HzOxMe3b&scp=85104460910&origin=inward",158,"2021-11-10 21:49:21","Conference Paper","10.1109/ICIPTM52218.2021.9388330","","https://api.elsevier.com/content/abstract/scopus_id/85104460910",,,10,14,1,1.00,1,1,1,"","",""
1,"R.A. Ramadani","A new technology on translating Indonesian spoken language into Indonesian sign language system",2021,"International Journal of Electrical and Computer Engineering","","","https://www.scopus.com/inward/citedby.uri?partnerID=HzOxMe3b&scp=85104434119&origin=inward",159,"2021-11-10 21:49:21","Article","10.11591/ijece.v11i4.pp3338-3346","2088-8708","https://api.elsevier.com/content/abstract/scopus_id/85104434119",11,4,3338,3346,1,1.00,1,1,1,"","",""
1,"M.A. Bencherif","Arabic Sign Language Recognition System Using 2D Hands and Body Skeleton Data",2021,"IEEE Access","","","https://www.scopus.com/inward/citedby.uri?partnerID=HzOxMe3b&scp=85103757437&origin=inward",160,"2021-11-10 21:49:21","Article","10.1109/ACCESS.2021.3069714","2169-3536","https://api.elsevier.com/content/abstract/scopus_id/85103757437",9,,59612,59627,1,1.00,1,1,1,"","",""
1,"N.K. Tamiru","Recognition of Amharic sign language with Amharic alphabet signs using ANN and SVM",2021,"Visual Computer","","","https://www.scopus.com/inward/citedby.uri?partnerID=HzOxMe3b&scp=85103174101&origin=inward",161,"2021-11-10 21:49:21","Article","10.1007/s00371-021-02099-1","0178-2789","https://api.elsevier.com/content/abstract/scopus_id/85103174101",,,,,1,1.00,1,1,1,"","",""
1,"R. Bhadra","Sign language detection from hand gesture images using deep multi-layered convolution neural network",2021,"2021 IEEE 2nd International Conference on Control, Measurement and Instrumentation, CMI 2021 - Proceedings","","","https://www.scopus.com/inward/citedby.uri?partnerID=HzOxMe3b&scp=85102639451&origin=inward",162,"2021-11-10 21:49:21","Conference Paper","10.1109/CMI50323.2021.9362897","","https://api.elsevier.com/content/abstract/scopus_id/85102639451",,,196,200,1,1.00,1,1,1,"","",""
1," Suharjito","SIBI Sign Language Recognition Using Convolutional Neural Network Combined with Transfer Learning and non-trainable Parameters",2021,"Procedia Computer Science","","https://api.elsevier.com/content/article/eid/1-s2.0-S1877050920324509","https://www.scopus.com/inward/citedby.uri?partnerID=HzOxMe3b&scp=85101786860&origin=inward",163,"2021-11-10 21:49:21","Conference Paper","10.1016/j.procs.2020.12.011","1877-0509","https://api.elsevier.com/content/abstract/scopus_id/85101786860",179,,72,80,1,1.00,1,1,1,"","",""
1,"D.S. Breland","Deep Learning-Based Sign Language Digits Recognition from Thermal Images with Edge Computing System",2021,"IEEE Sensors Journal","","","https://www.scopus.com/inward/citedby.uri?partnerID=HzOxMe3b&scp=85101771916&origin=inward",164,"2021-11-10 21:49:21","Article","10.1109/JSEN.2021.3061608","1530-437X","https://api.elsevier.com/content/abstract/scopus_id/85101771916",21,9,10445,10453,1,1.00,1,1,1,"","",""
1,"N.C. Tamer","Improving Keyword Search Performance in Sign Language with Hand Shape Features",2020,"Lecture Notes in Computer Science (including subseries Lecture Notes in Artificial Intelligence and Lecture Notes in Bioinformatics)","","","https://www.scopus.com/inward/citedby.uri?partnerID=HzOxMe3b&scp=85101741821&origin=inward",165,"2021-11-10 21:49:21","Conference Paper","10.1007/978-3-030-66096-3_23","0302-9743","https://api.elsevier.com/content/abstract/scopus_id/85101741821",12536,,322,333,1,1.00,1,1,1,"","",""
1,"M. Borg","Phonologically-Meaningful Subunits for Deep Learning-Based Sign Language Recognition",2020,"Lecture Notes in Computer Science (including subseries Lecture Notes in Artificial Intelligence and Lecture Notes in Bioinformatics)","","","https://www.scopus.com/inward/citedby.uri?partnerID=HzOxMe3b&scp=85101741065&origin=inward",166,"2021-11-10 21:49:21","Conference Paper","10.1007/978-3-030-66096-3_15","0302-9743","https://api.elsevier.com/content/abstract/scopus_id/85101741065",12536,,199,217,1,1.00,1,1,1,"","",""
1,"D. Tasmere","Hand Gesture Recognition for Bangla Sign Language Using Deep Convolution Neural Network",2020,"2020 2nd International Conference on Sustainable Technologies for Industry 4.0, STI 2020","","","https://www.scopus.com/inward/citedby.uri?partnerID=HzOxMe3b&scp=85101727144&origin=inward",167,"2021-11-10 21:49:21","Conference Paper","10.1109/STI50764.2020.9350484","","https://api.elsevier.com/content/abstract/scopus_id/85101727144",,,,,1,1.00,1,1,1,"","",""
1,"M.J. Hossein","Recognition of Bengali Sign Language using Novel Deep Convolutional Neural Network",2020,"2020 2nd International Conference on Sustainable Technologies for Industry 4.0, STI 2020","","","https://www.scopus.com/inward/citedby.uri?partnerID=HzOxMe3b&scp=85101689897&origin=inward",168,"2021-11-10 21:49:21","Conference Paper","10.1109/STI50764.2020.9350418","","https://api.elsevier.com/content/abstract/scopus_id/85101689897",,,,,1,1.00,1,1,1,"","",""
1,"M.M. Hasan","Classification of sign language characters by applying a deep convolutional neural network",2020,"2020 2nd International Conference on Advanced Information and Communication Technology, ICAICT 2020","","","https://www.scopus.com/inward/citedby.uri?partnerID=HzOxMe3b&scp=85100972174&origin=inward",169,"2021-11-10 21:49:21","Conference Paper","10.1109/ICAICT51780.2020.9333456","","https://api.elsevier.com/content/abstract/scopus_id/85100972174",,,434,438,1,1.00,1,1,1,"","",""
1,"F. Pezzuoli","Development of a New Sign Language Translation System for People with Autism Spectrum Disorder",2020,"Advances in Neurodevelopmental Disorders","","","https://www.scopus.com/inward/citedby.uri?partnerID=HzOxMe3b&scp=85100675832&origin=inward",170,"2021-11-10 21:49:21","Article","10.1007/s41252-020-00175-6","2366-7532","https://api.elsevier.com/content/abstract/scopus_id/85100675832",4,4,439,446,1,1.00,1,1,1,"","",""
1,"D. Bendarkar","Web Based Recognition and Translation of American Sign Language with CNN and RNN",2021,"International journal of online and biomedical engineering","","","https://www.scopus.com/inward/citedby.uri?partnerID=HzOxMe3b&scp=85100635450&origin=inward",171,"2021-11-10 21:49:21","Article","10.3991/ijoe.v17i01.18585","2626-8493","https://api.elsevier.com/content/abstract/scopus_id/85100635450",17,1,34,50,1,1.00,1,1,1,"","",""
1,"N. Sarhan","Transfer Learning for Videos: From Action Recognition to Sign Language Recognition",2020,"Proceedings - International Conference on Image Processing, ICIP","","","https://www.scopus.com/inward/citedby.uri?partnerID=HzOxMe3b&scp=85098670615&origin=inward",172,"2021-11-10 21:49:21","Conference Paper","10.1109/ICIP40778.2020.9191289","1522-4880","https://api.elsevier.com/content/abstract/scopus_id/85098670615",2020,,1811,1815,1,1.00,1,1,1,"","",""
1,"W. Pan","Attention-Based Sign Language Recognition Network Utilizing Keyframe Sampling and Skeletal Features",2020,"IEEE Access","","","https://www.scopus.com/inward/citedby.uri?partnerID=HzOxMe3b&scp=85098095955&origin=inward",173,"2021-11-10 21:49:21","Article","10.1109/ACCESS.2020.3041115","2169-3536","https://api.elsevier.com/content/abstract/scopus_id/85098095955",8,,215592,215602,1,1.00,1,1,1,"","",""
1,"Y. Lu","Sign language recognition with CW radar and machine learning",2020,"Proceedings International Radar Symposium","","","https://www.scopus.com/inward/citedby.uri?partnerID=HzOxMe3b&scp=85097310275&origin=inward",174,"2021-11-10 21:49:21","Conference Paper","10.23919/IRS48640.2020.9253925","2155-5753","https://api.elsevier.com/content/abstract/scopus_id/85097310275",2020,,31,34,1,1.00,1,1,1,"","",""
1,"Z. Zhou","A Portable Hong Kong Sign Language Translation Platform with Deep Learning and Jetson Nano",2020,"ASSETS 2020 - 22nd International ACM SIGACCESS Conference on Computers and Accessibility","","","https://www.scopus.com/inward/citedby.uri?partnerID=HzOxMe3b&scp=85096965503&origin=inward",175,"2021-11-10 21:49:21","Conference Paper","10.1145/3373625.3418046","","https://api.elsevier.com/content/abstract/scopus_id/85096965503",,,,,1,1.00,1,1,1,"","",""
1,"K.Y. Lum","American sign language recognition based on MobileNetV2",2020,"Advances in Science, Technology and Engineering Systems","","","https://www.scopus.com/inward/citedby.uri?partnerID=HzOxMe3b&scp=85096744893&origin=inward",176,"2021-11-10 21:49:21","Article","10.25046/aj050657","2415-6698","https://api.elsevier.com/content/abstract/scopus_id/85096744893",5,6,481,488,1,1.00,1,1,1,"","",""
1,"S. Tornay","An HMM approach with inherent model selection for sign language and gesture recognition",2020,"LREC 2020 - 12th International Conference on Language Resources and Evaluation, Conference Proceedings","","","https://www.scopus.com/inward/citedby.uri?partnerID=HzOxMe3b&scp=85096608392&origin=inward",177,"2021-11-10 21:49:21","Conference Paper","","","https://api.elsevier.com/content/abstract/scopus_id/85096608392",,,6049,6056,1,1.00,1,1,1,"","",""
1,"Z. Sun","A Survey on Dynamic Sign Language Recognition",2021,"Advances in Intelligent Systems and Computing","","","https://www.scopus.com/inward/citedby.uri?partnerID=HzOxMe3b&scp=85096468091&origin=inward",178,"2021-11-10 21:49:21","Conference Paper","10.1007/978-981-15-4409-5_89","2194-5357","https://api.elsevier.com/content/abstract/scopus_id/85096468091",1158,,1015,1022,1,1.00,1,1,1,"","",""
1,"P. Das","Static Hand Gesture Recognition for American Sign Language using Deep Convolutional Neural Network",2020,"2020 IEEE Region 10 Symposium, TENSYMP 2020","","","https://www.scopus.com/inward/citedby.uri?partnerID=HzOxMe3b&scp=85096424683&origin=inward",179,"2021-11-10 21:49:21","Conference Paper","10.1109/TENSYMP50017.2020.9230772","","https://api.elsevier.com/content/abstract/scopus_id/85096424683",,,1762,1765,1,1.00,1,1,1,"","",""
1,"H.F.T. Ahmed","Sign language gesture recognition with bispectrum features using SVM",2020,"AIP Conference Proceedings","","","https://www.scopus.com/inward/citedby.uri?partnerID=HzOxMe3b&scp=85096384322&origin=inward",180,"2021-11-10 21:49:21","Conference Paper","10.1063/5.0002344","0094-243X","https://api.elsevier.com/content/abstract/scopus_id/85096384322",2233,,,,1,1.00,1,1,1,"","",""
1,"Z. Katilmis","Recognition of two-handed posture finger turkish sign language alphabet",2020,"5th International Conference on Computer Science and Engineering, UBMK 2020","","","https://www.scopus.com/inward/citedby.uri?partnerID=HzOxMe3b&scp=85095720462&origin=inward",181,"2021-11-10 21:49:21","Conference Paper","10.1109/UBMK50275.2020.9219364","","https://api.elsevier.com/content/abstract/scopus_id/85095720462",,,181,186,1,1.00,1,1,1,"","",""
1,"A. Vasudevan","Introduction and Analysis of an Event-Based Sign Language Dataset",2020,"Proceedings - 2020 15th IEEE International Conference on Automatic Face and Gesture Recognition, FG 2020","","","https://www.scopus.com/inward/citedby.uri?partnerID=HzOxMe3b&scp=85095546003&origin=inward",182,"2021-11-10 21:49:21","Conference Paper","10.1109/FG47880.2020.00069","","https://api.elsevier.com/content/abstract/scopus_id/85095546003",,,675,682,1,1.00,1,1,1,"","",""
1,"A. Neyra-Gutierrez","Feature Extraction with Video Summarization of Dynamic Gestures for Peruvian Sign Language Recognition",2020,"Proceedings of the 2020 IEEE 27th International Conference on Electronics, Electrical Engineering and Computing, INTERCON 2020","","","https://www.scopus.com/inward/citedby.uri?partnerID=HzOxMe3b&scp=85095444502&origin=inward",183,"2021-11-10 21:49:21","Conference Paper","10.1109/INTERCON50315.2020.9220243","","https://api.elsevier.com/content/abstract/scopus_id/85095444502",,,,,1,1.00,1,1,1,"","",""
1,"I. Pacifici","A surface electromyography and inertial measurement unit dataset for the Italian Sign Language alphabet",2020,"Data in Brief","","https://api.elsevier.com/content/article/eid/1-s2.0-S2352340920313378","https://www.scopus.com/inward/citedby.uri?partnerID=HzOxMe3b&scp=85094562912&origin=inward",184,"2021-11-10 21:49:21","Data Paper","10.1016/j.dib.2020.106455","2352-3409","https://api.elsevier.com/content/abstract/scopus_id/85094562912",33,,,,1,1.00,1,1,1,"","",""
1,"T. Goswami","CNN Model for American Sign Language Recognition",2021,"Lecture Notes in Electrical Engineering","","","https://www.scopus.com/inward/citedby.uri?partnerID=HzOxMe3b&scp=85093850476&origin=inward",185,"2021-11-10 21:49:21","Conference Paper","10.1007/978-981-15-7961-5_6","1876-1100","https://api.elsevier.com/content/abstract/scopus_id/85093850476",698,,55,61,1,1.00,1,1,1,"","",""
1,"D. Pahuja","Recognition of Sign Language Symbols using Templates",2020,"ICRITO 2020 - IEEE 8th International Conference on Reliability, Infocom Technologies and Optimization (Trends and Future Directions)","","","https://www.scopus.com/inward/citedby.uri?partnerID=HzOxMe3b&scp=85093085368&origin=inward",186,"2021-11-10 21:49:21","Conference Paper","10.1109/ICRITO48877.2020.9198001","","https://api.elsevier.com/content/abstract/scopus_id/85093085368",,,1157,1160,1,1.00,1,1,1,"","",""
1,"Z. Niu","Stochastic Fine-Grained Labeling of Multi-state Sign Glosses for Continuous Sign Language Recognition",2020,"Lecture Notes in Computer Science (including subseries Lecture Notes in Artificial Intelligence and Lecture Notes in Bioinformatics)","","","https://www.scopus.com/inward/citedby.uri?partnerID=HzOxMe3b&scp=85092931036&origin=inward",187,"2021-11-10 21:49:21","Conference Paper","10.1007/978-3-030-58517-4_11","0302-9743","https://api.elsevier.com/content/abstract/scopus_id/85092931036",12361,,172,186,1,1.00,1,1,1,"","",""
1,"B. Hisham","Arabic sign language recognition using Ada-Boosting based on a leap motion controller",2021,"International Journal of Information Technology (Singapore)","","","https://www.scopus.com/inward/citedby.uri?partnerID=HzOxMe3b&scp=85092911081&origin=inward",188,"2021-11-10 21:49:21","Article","10.1007/s41870-020-00518-5","2511-2104","https://api.elsevier.com/content/abstract/scopus_id/85092911081",13,3,1221,1234,1,1.00,1,1,1,"","",""
1,"S. Jaiswal","A Review on American Sign Language Character Recognition",2021,"Advances in Intelligent Systems and Computing","","","https://www.scopus.com/inward/citedby.uri?partnerID=HzOxMe3b&scp=85092607915&origin=inward",189,"2021-11-10 21:49:21","Conference Paper","10.1007/978-981-15-6014-9_32","2194-5357","https://api.elsevier.com/content/abstract/scopus_id/85092607915",1187,,275,280,1,1.00,1,1,1,"","",""
1,"M. Zhou","Self-attention-based fully-inception networks for continuous sign language recognition",2020,"Frontiers in Artificial Intelligence and Applications","","","https://www.scopus.com/inward/citedby.uri?partnerID=HzOxMe3b&scp=85091779592&origin=inward",190,"2021-11-10 21:49:21","Conference Paper","10.3233/FAIA200425","0922-6389","https://api.elsevier.com/content/abstract/scopus_id/85091779592",325,,2832,2839,1,1.00,1,1,1,"","",""
1,"K. Zhao","Real-Time Sign Language Recognition Based on Video Stream",2020,"Chinese Control Conference, CCC","","","https://www.scopus.com/inward/citedby.uri?partnerID=HzOxMe3b&scp=85091400431&origin=inward",191,"2021-11-10 21:49:21","Conference Paper","10.23919/CCC50068.2020.9188508","1934-1768","https://api.elsevier.com/content/abstract/scopus_id/85091400431",2020,,7469,7474,1,1.00,1,1,1,"","",""
1,"S. Tornay","Towards multilingual sign language recognition",2020,"ICASSP, IEEE International Conference on Acoustics, Speech and Signal Processing - Proceedings","","","https://www.scopus.com/inward/citedby.uri?partnerID=HzOxMe3b&scp=85091273010&origin=inward",192,"2021-11-10 21:49:21","Conference Paper","10.1109/ICASSP40776.2020.9054631","1520-6149","https://api.elsevier.com/content/abstract/scopus_id/85091273010",2020,,6309,6313,1,1.00,1,1,1,"","",""
1,"J. Cheng","Chinese Sign Language Recognition Based on DTW-Distance-Mapping Features",2020,"Mathematical Problems in Engineering","","","https://www.scopus.com/inward/citedby.uri?partnerID=HzOxMe3b&scp=85090765253&origin=inward",193,"2021-11-10 21:49:21","Article","10.1155/2020/8953670","1024-123X","https://api.elsevier.com/content/abstract/scopus_id/85090765253",2020,,,,1,1.00,1,1,1,"","",""
1,"S. Shrenika","Sign Language Recognition Using Template Matching Technique",2020,"2020 International Conference on Computer Science, Engineering and Applications, ICCSEA 2020","","","https://www.scopus.com/inward/citedby.uri?partnerID=HzOxMe3b&scp=85089775307&origin=inward",194,"2021-11-10 21:49:21","Conference Paper","10.1109/ICCSEA49143.2020.9132899","","https://api.elsevier.com/content/abstract/scopus_id/85089775307",,,,,1,1.00,1,1,1,"","",""
1,"S.B.R. Duarte","Validation of the WHOQOL-Bref instrument in Brazilian sign language (Libras)",2021,"Quality of Life Research","","","https://www.scopus.com/inward/citedby.uri?partnerID=HzOxMe3b&scp=85089731941&origin=inward",195,"2021-11-10 21:49:21","Article","10.1007/s11136-020-02611-5","0962-9343","https://api.elsevier.com/content/abstract/scopus_id/85089731941",30,1,303,313,1,1.00,1,1,1,"","",""
1,"L. Naranjo-Zeledón","Phonological proximity in Costa Rican sign language",2020,"Electronics (Switzerland)","","","https://www.scopus.com/inward/citedby.uri?partnerID=HzOxMe3b&scp=85089564618&origin=inward",196,"2021-11-10 21:49:21","Article","10.3390/electronics9081302","2079-9292","https://api.elsevier.com/content/abstract/scopus_id/85089564618",9,8,1,22,1,1.00,1,1,1,"","",""
1,"J.J.A. Mendes Junior","Analysis of influence of segmentation, features, and classification in sEMG processing: A case study of recognition of brazilian sign language alphabet",2020,"Sensors (Switzerland)","","","https://www.scopus.com/inward/citedby.uri?partnerID=HzOxMe3b&scp=85089300653&origin=inward",197,"2021-11-10 21:49:21","Article","10.3390/s20164359","1424-8220","https://api.elsevier.com/content/abstract/scopus_id/85089300653",20,16,1,25,1,1.00,1,1,1,"","",""
1,"I. Achmad Fiqhi","Hijaiyah Letters Sign Language Recognition for Deaf and Hearing Impaired Children Based on Principal Component Analysis Method",2020,"Journal of Physics: Conference Series","","","https://www.scopus.com/inward/citedby.uri?partnerID=HzOxMe3b&scp=85089093977&origin=inward",198,"2021-11-10 21:49:21","Conference Paper","10.1088/1742-6596/1569/3/032077","1742-6588","https://api.elsevier.com/content/abstract/scopus_id/85089093977",1569,3,,,1,1.00,1,1,1,"","",""
1,"S.N. Mohammed","English numbers recognition based on sign language using line-slope features and PSO-DBN optimization method",2020,"Journal of Engineering Science and Technology","","","https://www.scopus.com/inward/citedby.uri?partnerID=HzOxMe3b&scp=85088591216&origin=inward",199,"2021-11-10 21:49:21","Article","","1823-4690","https://api.elsevier.com/content/abstract/scopus_id/85088591216",15,3,1855,1867,1,1.00,1,1,1,"","",""
1,"Y. Patil","AI-Enabled Real-Time Sign Language Translator",2020,"Advances in Intelligent Systems and Computing","","","https://www.scopus.com/inward/citedby.uri?partnerID=HzOxMe3b&scp=85088296028&origin=inward",200,"2021-11-10 21:49:21","Conference Paper","10.1007/978-981-15-4032-5_33","2194-5357","https://api.elsevier.com/content/abstract/scopus_id/85088296028",1154,,357,365,1,1.00,1,1,1,"","",""
